,Year,CostProvinceShort,DollarPerAcre,InflationScaler,DollarPerHectare
1,1921,PE,35,10.0,14.164305949008497
2,1921,NS,23,10.0,9.307972480777012
3,1921,NB,23,10.0,9.307972480777012
4,1921,QC,50,10.0,20.234722784297855
5,1921,ON,57,10.0,23.067583974099556
6,1921,MB,34,10.0,13.759611493322542
7,1921,SK,29,10.0,11.736139214892756
8,1921,AB,25,10.0,10.117361392148927
9,1921,BC,60,10.0,24.281667341157426
11,1922,PE,36,10.869565217391305,14.569000404694455
12,1922,NS,22,10.869565217391305,8.903278025091057
13,1922,NB,26,10.869565217391305,10.522055847834885
14,1922,QC,50,10.869565217391305,20.234722784297855
15,1922,ON,58,10.869565217391305,23.47227842978551
16,1922,MB,30,10.869565217391305,12.140833670578713
17,1922,SK,27,10.869565217391305,10.92675030352084
18,1922,AB,21,10.869565217391305,8.498583569405099
19,1922,BC,59,10.869565217391305,23.876972885471467
21,1923,PE,41,10.869565217391305,16.592472683124242
22,1923,NS,20,10.869565217391305,8.093889113719142
23,1923,NB,26,10.869565217391305,10.522055847834885
24,1923,QC,49,10.869565217391305,19.8300283286119
25,1923,ON,59,10.869565217391305,23.876972885471467
26,1923,MB,26,10.869565217391305,10.522055847834885
27,1923,SK,23,10.869565217391305,9.307972480777012
28,1923,AB,21,10.869565217391305,8.498583569405099
29,1923,BC,49,10.869565217391305,19.8300283286119
31,1924,PE,33,11.11111111111111,13.354917037636584
32,1924,NS,21,11.11111111111111,8.498583569405099
33,1924,NB,22,11.11111111111111,8.903278025091057
34,1924,QC,47,11.11111111111111,19.020639417239984
35,1924,ON,61,11.11111111111111,24.686361796843382
36,1924,MB,26,11.11111111111111,10.522055847834885
37,1924,SK,23,11.11111111111111,9.307972480777012
38,1924,AB,21,11.11111111111111,8.498583569405099
39,1924,BC,48,11.11111111111111,19.42533387292594
41,1925,PE,39,10.989010989010989,15.783083771752326
42,1925,NS,24,10.989010989010989,9.71266693646297
43,1925,NB,27,10.989010989010989,10.92675030352084
44,1925,QC,48,10.989010989010989,19.42533387292594
45,1925,ON,63,10.989010989010989,25.495750708215297
46,1925,MB,26,10.989010989010989,10.522055847834885
47,1925,SK,23,10.989010989010989,9.307972480777012
48,1925,AB,22,10.989010989010989,8.903278025091057
49,1925,BC,44,10.989010989010989,17.806556050182113
51,1926,PE,41,10.869565217391305,16.592472683124242
52,1926,NS,24,10.869565217391305,9.71266693646297
53,1926,NB,24,10.869565217391305,9.71266693646297
54,1926,QC,48,10.869565217391305,19.42533387292594
55,1926,ON,59,10.869565217391305,23.876972885471467
56,1926,MB,25,10.869565217391305,10.117361392148927
57,1926,SK,23,10.869565217391305,9.307972480777012
58,1926,AB,21,10.869565217391305,8.498583569405099
59,1926,BC,40,10.869565217391305,16.187778227438283
61,1927,PE,38,10.989010989010989,15.37838931606637
62,1927,NS,24,10.989010989010989,9.71266693646297
63,1927,NB,23,10.989010989010989,9.307972480777012
64,1927,QC,52,10.989010989010989,21.04411169566977
65,1927,ON,63,10.989010989010989,25.495750708215297
66,1927,MB,24,10.989010989010989,9.71266693646297
67,1927,SK,23,10.989010989010989,9.307972480777012
68,1927,AB,23,10.989010989010989,9.307972480777012
69,1927,BC,45,10.989010989010989,18.21125050586807
71,1928,PE,42,10.989010989010989,16.997167138810198
72,1928,NS,22,10.989010989010989,8.903278025091057
73,1928,NB,23,10.989010989010989,9.307972480777012
74,1928,QC,50,10.989010989010989,20.234722784297855
75,1928,ON,61,10.989010989010989,24.686361796843382
76,1928,MB,25,10.989010989010989,10.117361392148927
77,1928,SK,24,10.989010989010989,9.71266693646297
78,1928,AB,23,10.989010989010989,9.307972480777012
79,1928,BC,47,10.989010989010989,19.020639417239984
81,1929,PE,42,10.869565217391305,16.997167138810198
82,1929,NS,24,10.869565217391305,9.71266693646297
83,1929,NB,26,10.869565217391305,10.522055847834885
84,1929,QC,52,10.869565217391305,21.04411169566977
85,1929,ON,59,10.869565217391305,23.876972885471467
86,1929,MB,25,10.869565217391305,10.117361392148927
87,1929,SK,23,10.869565217391305,9.307972480777012
88,1929,AB,23,10.869565217391305,9.307972480777012
89,1929,BC,47,10.869565217391305,19.020639417239984
91,1930,PE,43,10.989010989010989,17.401861594496154
92,1930,NS,20,10.989010989010989,8.093889113719142
93,1930,NB,20,10.989010989010989,8.093889113719142
94,1930,QC,47,10.989010989010989,19.020639417239984
95,1930,ON,52,10.989010989010989,21.04411169566977
96,1930,MB,22,10.989010989010989,8.903278025091057
97,1930,SK,20,10.989010989010989,8.093889113719142
98,1930,AB,20,10.989010989010989,8.093889113719142
99,1930,BC,41,10.989010989010989,16.592472683124242
101,1931,PE,36,12.195121951219512,14.569000404694455
102,1931,NS,19,12.195121951219512,7.689194658033185
103,1931,NB,19,12.195121951219512,7.689194658033185
104,1931,QC,40,12.195121951219512,16.187778227438283
105,1931,ON,47,12.195121951219512,19.020639417239984
106,1931,MB,19,12.195121951219512,7.689194658033185
107,1931,SK,18,12.195121951219512,7.284500202347227
108,1931,AB,17,12.195121951219512,6.879805746661271
109,1931,BC,41,12.195121951219512,16.592472683124242
111,1932,PE,32,13.333333333333334,12.950222581950626
112,1932,NS,18,13.333333333333334,7.284500202347227
113,1932,NB,17,13.333333333333334,6.879805746661271
114,1932,QC,35,13.333333333333334,14.164305949008497
115,1932,ON,38,13.333333333333334,15.37838931606637
116,1932,MB,16,13.333333333333334,6.475111290975313
117,1932,SK,15,13.333333333333334,6.070416835289357
118,1932,AB,14,13.333333333333334,5.665722379603399
119,1932,BC,35,13.333333333333334,14.164305949008497
121,1933,PE,33,14.084507042253522,13.354917037636584
122,1933,NS,17,14.084507042253522,6.879805746661271
123,1933,NB,17,14.084507042253522,6.879805746661271
124,1933,QC,32,14.084507042253522,12.950222581950626
125,1933,ON,37,14.084507042253522,14.973694860380412
126,1933,MB,16,14.084507042253522,6.475111290975313
127,1933,SK,15,14.084507042253522,6.070416835289357
128,1933,AB,13,14.084507042253522,5.2610279239174425
129,1933,BC,34,14.084507042253522,13.759611493322542
131,1934,PE,34,13.88888888888889,13.759611493322542
132,1934,NS,17,13.88888888888889,6.879805746661271
133,1934,NB,16,13.88888888888889,6.475111290975313
134,1934,QC,29,13.88888888888889,11.736139214892756
135,1934,ON,40,13.88888888888889,16.187778227438283
136,1934,MB,16,13.88888888888889,6.475111290975313
137,1934,SK,15,13.88888888888889,6.070416835289357
138,1934,AB,13,13.88888888888889,5.2610279239174425
139,1934,BC,32,13.88888888888889,12.950222581950626
141,1935,PE,30,13.698630136986301,12.140833670578713
142,1935,NS,19,13.698630136986301,7.689194658033185
143,1935,NB,17,13.698630136986301,6.879805746661271
144,1935,QC,33,13.698630136986301,13.354917037636584
145,1935,ON,40,13.698630136986301,16.187778227438283
146,1935,MB,16,13.698630136986301,6.475111290975313
147,1935,SK,16,13.698630136986301,6.475111290975313
148,1935,AB,13,13.698630136986301,5.2610279239174425
149,1935,BC,30,13.698630136986301,12.140833670578713
151,1936,PE,30,13.513513513513512,12.140833670578713
152,1936,NS,21,13.513513513513512,8.498583569405099
153,1936,NB,18,13.513513513513512,7.284500202347227
154,1936,QC,29,13.513513513513512,11.736139214892756
155,1936,ON,41,13.513513513513512,16.592472683124242
156,1936,MB,14,13.513513513513512,5.665722379603399
157,1936,SK,14,13.513513513513512,5.665722379603399
158,1936,AB,13,13.513513513513512,5.2610279239174425
159,1936,BC,31,13.513513513513512,12.545528126264669
161,1937,PE,32,12.987012987012987,12.950222581950626
162,1937,NS,19,12.987012987012987,7.689194658033185
163,1937,NB,17,12.987012987012987,6.879805746661271
164,1937,QC,29,12.987012987012987,11.736139214892756
165,1937,ON,42,12.987012987012987,16.997167138810198
166,1937,MB,15,12.987012987012987,6.070416835289357
167,1937,SK,13,12.987012987012987,5.2610279239174425
168,1937,AB,12,12.987012987012987,4.856333468231485
169,1937,BC,29,12.987012987012987,11.736139214892756
171,1938,PE,33,12.987012987012987,13.354917037636584
172,1938,NS,17,12.987012987012987,6.879805746661271
173,1938,NB,17,12.987012987012987,6.879805746661271
174,1938,QC,28,12.987012987012987,11.331444759206798
175,1938,ON,40,12.987012987012987,16.187778227438283
176,1938,MB,14,12.987012987012987,5.665722379603399
177,1938,SK,13,12.987012987012987,5.2610279239174425
178,1938,AB,11,12.987012987012987,4.451639012545528
179,1938,BC,30,12.987012987012987,12.140833670578713
181,1939,PE,32,12.987012987012987,12.950222581950626
182,1939,NS,19,12.987012987012987,7.689194658033185
183,1939,NB,18,12.987012987012987,7.284500202347227
184,1939,QC,29,12.987012987012987,11.736139214892756
185,1939,ON,40,12.987012987012987,16.187778227438283
186,1939,MB,14,12.987012987012987,5.665722379603399
187,1939,SK,12,12.987012987012987,4.856333468231485
188,1939,AB,12,12.987012987012987,4.856333468231485
189,1939,BC,29,12.987012987012987,11.736139214892756
191,1940,PE,28,12.5,11.331444759206798
192,1940,NS,16,12.5,6.475111290975313
193,1940,NB,14,12.5,5.665722379603399
194,1940,QC,28,12.5,11.331444759206798
195,1940,ON,39,12.5,15.783083771752326
196,1940,MB,13,12.5,5.2610279239174425
197,1940,SK,12,12.5,4.856333468231485
198,1940,AB,12,12.5,4.856333468231485
199,1940,BC,28,12.5,11.331444759206798
201,1941,PE,29,11.764705882352942,11.736139214892756
202,1941,NS,17,11.764705882352942,6.879805746661271
203,1941,NB,15,11.764705882352942,6.070416835289357
204,1941,QC,30,11.764705882352942,12.140833670578713
205,1941,ON,37,11.764705882352942,14.973694860380412
206,1941,MB,14,11.764705882352942,5.665722379603399
207,1941,SK,11,11.764705882352942,4.451639012545528
208,1941,AB,11,11.764705882352942,4.451639012545528
209,1941,BC,28,11.764705882352942,11.331444759206798
211,1942,PE,31,11.363636363636363,12.545528126264669
212,1942,NS,18,11.363636363636363,7.284500202347227
213,1942,NB,17,11.363636363636363,6.879805746661271
214,1942,QC,34,11.363636363636363,13.759611493322542
215,1942,ON,39,11.363636363636363,15.783083771752326
216,1942,MB,14,11.363636363636363,5.665722379603399
217,1942,SK,12,11.363636363636363,4.856333468231485
218,1942,AB,12,11.363636363636363,4.856333468231485
219,1942,BC,31,11.363636363636363,12.545528126264669
221,1943,PE,30,11.11111111111111,12.140833670578713
222,1943,NS,19,11.11111111111111,7.689194658033185
223,1943,NB,19,11.11111111111111,7.689194658033185
224,1943,QC,36,11.11111111111111,14.569000404694455
225,1943,ON,45,11.11111111111111,18.21125050586807
226,1943,MB,15,11.11111111111111,6.070416835289357
227,1943,SK,12,11.11111111111111,4.856333468231485
228,1943,AB,13,11.11111111111111,5.2610279239174425
229,1943,BC,33,11.11111111111111,13.354917037636584
231,1944,PE,33,10.989010989010989,13.354917037636584
232,1944,NS,22,10.989010989010989,8.903278025091057
233,1944,NB,22,10.989010989010989,8.903278025091057
234,1944,QC,36,10.989010989010989,14.569000404694455
235,1944,ON,46,10.989010989010989,18.615944961554025
236,1944,MB,16,10.989010989010989,6.475111290975313
237,1944,SK,13,10.989010989010989,5.2610279239174425
238,1944,AB,14,10.989010989010989,5.665722379603399
239,1944,BC,36,10.989010989010989,14.569000404694455
241,1945,PE,34,10.869565217391305,13.759611493322542
242,1945,NS,22,10.869565217391305,8.903278025091057
243,1945,NB,22,10.869565217391305,8.903278025091057
244,1945,QC,36,10.869565217391305,14.569000404694455
245,1945,ON,44,10.869565217391305,17.806556050182113
246,1945,MB,17,10.869565217391305,6.879805746661271
247,1945,SK,14,10.869565217391305,5.665722379603399
248,1945,AB,15,10.869565217391305,6.070416835289357
249,1945,BC,38,10.869565217391305,15.37838931606637
251,1946,PE,32,10.638297872340425,12.950222581950626
252,1946,NS,22,10.638297872340425,8.903278025091057
253,1946,NB,21,10.638297872340425,8.498583569405099
254,1946,QC,38,10.638297872340425,15.37838931606637
255,1946,ON,46,10.638297872340425,18.615944961554025
256,1946,MB,20,10.638297872340425,8.093889113719142
257,1946,SK,15,10.638297872340425,6.070416835289357
258,1946,AB,16,10.638297872340425,6.475111290975313
259,1946,BC,41,10.638297872340425,16.592472683124242
261,1947,PE,36,9.70873786407767,14.569000404694455
262,1947,NS,25,9.70873786407767,10.117361392148927
263,1947,NB,24,9.70873786407767,9.71266693646297
264,1947,QC,40,9.70873786407767,16.187778227438283
265,1947,ON,49,9.70873786407767,19.8300283286119
266,1947,MB,21,9.70873786407767,8.498583569405099
267,1947,SK,16,9.70873786407767,6.475111290975313
268,1947,AB,18,9.70873786407767,7.284500202347227
269,1947,BC,45,9.70873786407767,18.21125050586807
271,1948,PE,38,8.47457627118644,15.37838931606637
272,1948,NS,26,8.47457627118644,10.522055847834885
273,1948,NB,24,8.47457627118644,9.71266693646297
274,1948,QC,42,8.47457627118644,16.997167138810198
275,1948,ON,52,8.47457627118644,21.04411169566977
276,1948,MB,26,8.47457627118644,10.522055847834885
277,1948,SK,18,8.47457627118644,7.284500202347227
278,1948,AB,21,8.47457627118644,8.498583569405099
279,1948,BC,49,8.47457627118644,19.8300283286119
281,1949,PE,39,8.196721311475411,15.783083771752326
282,1949,NS,26,8.196721311475411,10.522055847834885
283,1949,NB,25,8.196721311475411,10.117361392148927
284,1949,QC,39,8.196721311475411,15.783083771752326
285,1949,ON,54,8.196721311475411,21.85350060704168
286,1949,MB,27,8.196721311475411,10.92675030352084
287,1949,SK,18,8.196721311475411,7.284500202347227
288,1949,AB,22,8.196721311475411,8.903278025091057
289,1949,BC,53,8.196721311475411,21.448806151355726
291,1950,PE,40,8.0,16.187778227438283
292,1950,NS,28,8.0,11.331444759206798
293,1950,NB,28,8.0,11.331444759206798
294,1950,QC,45,8.0,18.21125050586807
295,1950,ON,57,8.0,23.067583974099556
296,1950,MB,28,8.0,11.331444759206798
297,1950,SK,18,8.0,7.284500202347227
298,1950,AB,22,8.0,8.903278025091057
299,1950,BC,55,8.0,22.25819506272764
301,1951,PE,44,7.246376811594202,17.806556050182113
302,1951,NS,30,7.246376811594202,12.140833670578713
303,1951,NB,28,7.246376811594202,11.331444759206798
304,1951,QC,50,7.246376811594202,20.234722784297855
305,1951,ON,68,7.246376811594202,27.519222986645083
306,1951,MB,30,7.246376811594202,12.140833670578713
307,1951,SK,19,7.246376811594202,7.689194658033185
308,1951,AB,23,7.246376811594202,9.307972480777012
309,1951,BC,59,7.246376811594202,23.876972885471467
311,1952,PE,45,7.042253521126761,18.21125050586807
312,1952,NS,30,7.042253521126761,12.140833670578713
313,1952,NB,29,7.042253521126761,11.736139214892756
314,1952,QC,52,7.042253521126761,21.04411169566977
315,1952,ON,71,7.042253521126761,28.733306353702954
316,1952,MB,31,7.042253521126761,12.545528126264669
317,1952,SK,20,7.042253521126761,8.093889113719142
318,1952,AB,23,7.042253521126761,9.307972480777012
319,1952,BC,61,7.042253521126761,24.686361796843382
321,1953,PE,45,7.142857142857143,18.21125050586807
322,1953,NS,31,7.142857142857143,12.545528126264669
323,1953,NB,30,7.142857142857143,12.140833670578713
324,1953,QC,53,7.142857142857143,21.448806151355726
325,1953,ON,78,7.142857142857143,31.56616754350465
326,1953,MB,35,7.142857142857143,14.164305949008497
327,1953,SK,21,7.142857142857143,8.498583569405099
328,1953,AB,29,7.142857142857143,11.736139214892756
329,1953,BC,68,7.142857142857143,27.519222986645083
331,1954,PE,44,7.092198581560284,17.806556050182113
332,1954,NS,32,7.092198581560284,12.950222581950626
333,1954,NB,31,7.092198581560284,12.545528126264669
334,1954,QC,55,7.092198581560284,22.25819506272764
335,1954,ON,82,7.092198581560284,33.184945366248485
336,1954,MB,32,7.092198581560284,12.950222581950626
337,1954,SK,20,7.092198581560284,8.093889113719142
338,1954,AB,27,7.092198581560284,10.92675030352084
339,1954,BC,72,7.092198581560284,29.13800080938891
341,1955,PE,44,7.092198581560284,17.806556050182113
342,1955,NS,33,7.092198581560284,13.354917037636584
343,1955,NB,32,7.092198581560284,12.950222581950626
344,1955,QC,56,7.092198581560284,22.662889518413596
345,1955,ON,90,7.092198581560284,36.42250101173614
346,1955,MB,33,7.092198581560284,13.354917037636584
347,1955,SK,22,7.092198581560284,8.903278025091057
348,1955,AB,28,7.092198581560284,11.331444759206798
349,1955,BC,78,7.092198581560284,31.56616754350465
351,1956,PE,46,6.9930069930069925,18.615944961554025
352,1956,NS,34,6.9930069930069925,13.759611493322542
353,1956,NB,32,6.9930069930069925,12.950222581950626
354,1956,QC,59,6.9930069930069925,23.876972885471467
355,1956,ON,95,6.9930069930069925,38.445973290165924
356,1956,MB,35,6.9930069930069925,14.164305949008497
357,1956,SK,24,6.9930069930069925,9.71266693646297
358,1956,AB,29,6.9930069930069925,11.736139214892756
359,1956,BC,81,6.9930069930069925,32.78025091056252
361,1957,PE,46,6.756756756756756,18.615944961554025
362,1957,NS,35,6.756756756756756,14.164305949008497
363,1957,NB,34,6.756756756756756,13.759611493322542
364,1957,QC,60,6.756756756756756,24.281667341157426
365,1957,ON,101,6.756756756756756,40.874140024281665
366,1957,MB,34,6.756756756756756,13.759611493322542
367,1957,SK,24,6.756756756756756,9.71266693646297
368,1957,AB,28,6.756756756756756,11.331444759206798
369,1957,BC,88,6.756756756756756,35.613112100364226
371,1958,PE,49,6.578947368421053,19.8300283286119
372,1958,NS,36,6.578947368421053,14.569000404694455
373,1958,NB,35,6.578947368421053,14.164305949008497
374,1958,QC,63,6.578947368421053,25.495750708215297
375,1958,ON,112,6.578947368421053,45.32577903682719
376,1958,MB,36,6.578947368421053,14.569000404694455
377,1958,SK,25,6.578947368421053,10.117361392148927
378,1958,AB,32,6.578947368421053,12.950222581950626
379,1958,BC,94,6.578947368421053,38.04127883447997
381,1959,PE,52,6.5359477124183005,21.04411169566977
382,1959,NS,37,6.5359477124183005,14.973694860380412
383,1959,NB,37,6.5359477124183005,14.973694860380412
384,1959,QC,65,6.5359477124183005,26.305139619587212
385,1959,ON,125,6.5359477124183005,50.58680696074464
386,1959,MB,35,6.5359477124183005,14.164305949008497
387,1959,SK,26,6.5359477124183005,10.522055847834885
388,1959,AB,32,6.5359477124183005,12.950222581950626
389,1959,BC,104,6.5359477124183005,42.08822339133954
391,1960,PE,54,6.451612903225806,21.85350060704168
392,1960,NS,39,6.451612903225806,15.783083771752326
393,1960,NB,39,6.451612903225806,15.783083771752326
394,1960,QC,68,6.451612903225806,27.519222986645083
395,1960,ON,126,6.451612903225806,50.991501416430594
396,1960,MB,38,6.451612903225806,15.37838931606637
397,1960,SK,28,6.451612903225806,11.331444759206798
398,1960,AB,35,6.451612903225806,14.164305949008497
399,1960,BC,109,6.451612903225806,44.111695669769325
401,1961,PE,55,6.369426751592357,22.25819506272764
402,1961,NS,40,6.369426751592357,16.187778227438283
403,1961,NB,41,6.369426751592357,16.592472683124242
404,1961,QC,73,6.369426751592357,29.54269526507487
405,1961,ON,138,6.369426751592357,55.84783488466208
406,1961,MB,40,6.369426751592357,16.187778227438283
407,1961,SK,29,6.369426751592357,11.736139214892756
408,1961,AB,36,6.369426751592357,14.569000404694455
409,1961,BC,109,6.369426751592357,44.111695669769325
411,1962,PE,59,6.289308176100628,23.876972885471467
412,1962,NS,40,6.289308176100628,16.187778227438283
413,1962,NB,42,6.289308176100628,16.997167138810198
414,1962,QC,72,6.289308176100628,29.13800080938891
415,1962,ON,145,6.289308176100628,58.680696074463775
416,1962,MB,40,6.289308176100628,16.187778227438283
417,1962,SK,31,6.289308176100628,12.545528126264669
418,1962,AB,38,6.289308176100628,15.37838931606637
419,1962,BC,109,6.289308176100628,44.111695669769325
421,1963,PE,61,6.211180124223602,24.686361796843382
422,1963,NS,42,6.211180124223602,16.997167138810198
423,1963,NB,44,6.211180124223602,17.806556050182113
424,1963,QC,75,6.211180124223602,30.35208417644678
425,1963,ON,149,6.211180124223602,60.299473897207605
426,1963,MB,43,6.211180124223602,17.401861594496154
427,1963,SK,35,6.211180124223602,14.164305949008497
428,1963,AB,42,6.211180124223602,16.997167138810198
429,1963,BC,107,6.211180124223602,43.30230675839741
431,1964,PE,64,6.097560975609756,25.900445163901253
432,1964,NS,45,6.097560975609756,18.21125050586807
433,1964,NB,46,6.097560975609756,18.615944961554025
434,1964,QC,79,6.097560975609756,31.97086199919061
435,1964,ON,162,6.097560975609756,65.56050182112504
436,1964,MB,49,6.097560975609756,19.8300283286119
437,1964,SK,40,6.097560975609756,16.187778227438283
438,1964,AB,46,6.097560975609756,18.615944961554025
439,1964,BC,108,6.097560975609756,43.70700121408336
441,1965,PE,67,5.9523809523809526,27.114528530959124
442,1965,NS,49,5.9523809523809526,19.8300283286119
443,1965,NB,48,5.9523809523809526,19.42533387292594
444,1965,QC,84,5.9523809523809526,33.994334277620396
445,1965,ON,174,5.9523809523809526,70.41683528935653
446,1965,MB,56,5.9523809523809526,22.662889518413596
447,1965,SK,47,5.9523809523809526,19.020639417239984
448,1965,AB,53,5.9523809523809526,21.448806151355726
449,1965,BC,119,5.9523809523809526,48.15864022662889
451,1966,PE,78,5.714285714285714,31.56616754350465
452,1966,NS,56,5.714285714285714,22.662889518413596
453,1966,NB,51,5.714285714285714,20.63941723998381
454,1966,QC,90,5.714285714285714,36.42250101173614
455,1966,ON,194,5.714285714285714,78.51072440307567
456,1966,MB,62,5.714285714285714,25.091056252529338
457,1966,SK,54,5.714285714285714,21.85350060704168
458,1966,AB,59,5.714285714285714,23.876972885471467
459,1966,BC,138,5.714285714285714,55.84783488466208
461,1967,PE,91,5.524861878453038,36.827195467422094
462,1967,NS,62,5.524861878453038,25.091056252529338
463,1967,NB,54,5.524861878453038,21.85350060704168
464,1967,QC,95,5.524861878453038,38.445973290165924
465,1967,ON,222,5.524861878453038,89.84216916228247
466,1967,MB,71,5.524861878453038,28.733306353702954
467,1967,SK,62,5.524861878453038,25.091056252529338
468,1967,AB,67,5.524861878453038,27.114528530959124
469,1967,BC,150,5.524861878453038,60.70416835289356
471,1968,PE,105,5.319148936170213,42.492917847025495
472,1968,NS,70,5.319148936170213,28.328611898016995
473,1968,NB,62,5.319148936170213,25.091056252529338
474,1968,QC,105,5.319148936170213,42.492917847025495
475,1968,ON,256,5.319148936170213,103.60178065560501
476,1968,MB,78,5.319148936170213,31.56616754350465
477,1968,SK,66,5.319148936170213,26.709834075273168
478,1968,AB,74,5.319148936170213,29.947389720760825
479,1968,BC,176,5.319148936170213,71.22622420072845
481,1969,PE,118,5.0761421319796955,47.753945770942934
482,1969,NS,81,5.0761421319796955,32.78025091056252
483,1969,NB,69,5.0761421319796955,27.92391744233104
484,1969,QC,114,5.0761421319796955,46.13516794819911
485,1969,ON,297,5.0761421319796955,120.19425333872925
486,1969,MB,74,5.0761421319796955,29.947389720760825
487,1969,SK,61,5.0761421319796955,24.686361796843382
488,1969,AB,72,5.0761421319796955,29.13800080938891
489,1969,BC,192,5.0761421319796955,77.70133549170376
491,1970,PE,126,4.926108374384237,50.991501416430594
492,1970,NS,92,4.926108374384237,37.23188992310805
493,1970,NB,78,4.926108374384237,31.56616754350465
494,1970,QC,124,4.926108374384237,50.182112505058676
495,1970,ON,306,4.926108374384237,123.83650343990287
496,1970,MB,73,4.926108374384237,29.54269526507487
497,1970,SK,60,4.926108374384237,24.281667341157426
498,1970,AB,72,4.926108374384237,29.13800080938891
499,1970,BC,207,4.926108374384237,83.77175232699312
501,1971,PE,132,4.784688995215311,53.419668150546336
502,1971,NS,100,4.784688995215311,40.46944556859571
503,1971,NB,80,4.784688995215311,32.375556454876566
504,1971,QC,122,4.784688995215311,49.372723593686764
505,1971,ON,325,4.784688995215311,131.52569809793604
506,1971,MB,72,4.784688995215311,29.13800080938891
507,1971,SK,59,4.784688995215311,23.876972885471467
508,1971,AB,71,4.784688995215311,28.733306353702954
509,1971,BC,222,4.784688995215311,89.84216916228247
511,1972,PE,151,4.566210045662101,61.108862808579524
512,1972,NS,117,4.566210045662101,47.34925131525698
513,1972,NB,90,4.566210045662101,36.42250101173614
514,1972,QC,136,4.566210045662101,55.038445973290166
515,1972,ON,352,4.566210045662101,142.4524484014569
516,1972,MB,77,4.566210045662101,31.161473087818695
517,1972,SK,60,4.566210045662101,24.281667341157426
518,1972,AB,84,4.566210045662101,33.994334277620396
519,1972,BC,233,4.566210045662101,94.293808174828
521,1973,PE,185,4.23728813559322,74.86847430190205
522,1973,NS,147,4.23728813559322,59.49008498583569
523,1973,NB,109,4.23728813559322,44.111695669769325
524,1973,QC,158,4.23728813559322,63.94172399838122
525,1973,ON,440,4.23728813559322,178.06556050182112
526,1973,MB,92,4.23728813559322,37.23188992310805
527,1973,SK,71,4.23728813559322,28.733306353702954
528,1973,AB,104,4.23728813559322,42.08822339133954
529,1973,BC,271,4.23728813559322,109.67219749089438
531,1974,PE,245,3.816793893129771,99.15014164305948
532,1974,NS,198,3.816793893129771,80.12950222581951
533,1974,NB,142,3.816793893129771,57.46661270740591
534,1974,QC,186,3.816793893129771,75.27316875758802
535,1974,ON,583,3.816793893129771,235.936867664913
536,1974,MB,120,3.816793893129771,48.56333468231485
537,1974,SK,90,3.816793893129771,36.42250101173614
538,1974,AB,140,3.816793893129771,56.65722379603399
539,1974,BC,378,3.816793893129771,152.97450424929178
541,1975,PE,277,3.4482758620689653,112.10036422501011
542,1975,NS,232,3.4482758620689653,93.88911371914205
543,1975,NB,185,3.4482758620689653,74.86847430190205
544,1975,QC,220,3.4482758620689653,89.03278025091056
545,1975,ON,749,3.4482758620689653,303.1161473087819
546,1975,MB,141,3.4482758620689653,57.06191825171995
547,1975,SK,117,3.4482758620689653,47.34925131525698
548,1975,AB,180,3.4482758620689653,72.84500202347228
549,1975,BC,454,3.4482758620689653,183.7312828814245
551,1976,NL,735,3.215434083601286,297.45042492917844
552,1976,PE,298,3.215434083601286,120.59894779441521
553,1976,NS,263,3.215434083601286,106.43464184540672
554,1976,NB,202,3.215434083601286,81.74828004856333
555,1976,QC,274,3.215434083601286,110.88628085795224
556,1976,ON,893,3.215434083601286,361.3921489275597
557,1976,MB,169,3.215434083601286,68.39336301092675
558,1976,SK,142,3.215434083601286,57.46661270740591
559,1976,AB,213,3.215434083601286,86.19991906110886
560,1976,BC,504,3.215434083601286,203.96600566572238
562,1977,NL,720,2.9761904761904763,291.3800080938891
563,1977,PE,327,2.9761904761904763,132.33508700930795
564,1977,NS,279,2.9761904761904763,112.90975313638202
565,1977,NB,216,2.9761904761904763,87.41400242816673
566,1977,QC,347,2.9761904761904763,140.4289761230271
567,1977,ON,995,2.9761904761904763,402.67098340752733
568,1977,MB,199,2.9761904761904763,80.53419668150546
569,1977,SK,162,2.9761904761904763,65.56050182112504
570,1977,AB,251,2.9761904761904763,101.57830837717523
571,1977,BC,571,2.9761904761904763,231.0805341966815
573,1978,NL,800,2.73224043715847,323.7555645487657
574,1978,PE,401,2.73224043715847,162.2824767300688
575,1978,NS,325,2.73224043715847,131.52569809793604
576,1978,NB,257,2.73224043715847,104.00647511129097
577,1978,QC,416,2.73224043715847,168.35289356535816
578,1978,ON,1138,2.73224043715847,460.5422905706192
579,1978,MB,247,2.73224043715847,99.9595305544314
580,1978,SK,198,2.73224043715847,80.12950222581951
581,1978,AB,299,2.73224043715847,121.00364225010117
582,1978,BC,696,2.73224043715847,281.6673411574261
584,1979,NL,911,2.5,368.67664912990693
585,1979,PE,518,2.5,209.63172804532576
586,1979,NS,383,2.5,154.99797652772156
587,1979,NB,295,2.5,119.38486442735734
588,1979,QC,493,2.5,199.51436665317684
589,1979,ON,1301,2.5,526.5074868474302
590,1979,MB,291,2.5,117.76608660461352
591,1979,SK,241,2.5,97.53136382031566
592,1979,AB,424,2.5,171.5904492108458
593,1979,BC,823,2.5,333.06353702954266
595,1980,NL,1035,2.272727272727273,418.85876163496556
596,1980,PE,584,2.272727272727273,236.34156212059895
597,1980,NS,503,2.272727272727273,203.56131121003642
598,1980,NB,339,2.272727272727273,137.19142047753945
599,1980,QC,593,2.272727272727273,239.98381222177255
600,1980,ON,1528,2.272727272727273,618.3731282881424
601,1980,MB,354,2.272727272727273,143.26183731282882
602,1980,SK,332,2.272727272727273,134.35855928773776
603,1980,AB,544,2.272727272727273,220.15378389316066
604,1980,BC,1035,2.272727272727273,418.85876163496556
606,1981,NL,1133,2.0202020202020203,458.5188182921894
607,1981,PE,685,2.0202020202020203,277.2157021448806
608,1981,NS,550,2.0202020202020203,222.5819506272764
609,1981,NB,407,2.0202020202020203,164.71064346418453
610,1981,QC,666,2.0202020202020203,269.52650748684744
611,1981,ON,1695,2.0202020202020203,685.9571023876973
612,1981,MB,410,2.0202020202020203,165.9247268312424
613,1981,SK,382,2.0202020202020203,154.5932820720356
614,1981,AB,600,2.0202020202020203,242.81667341157424
615,1981,BC,1191,2.0202020202020203,481.9910967219749
617,1982,NL,1027,1.8214936247723132,415.6212059894779
618,1982,PE,655,1.8214936247723132,265.07486847430187
619,1982,NS,552,1.8214936247723132,223.3913395386483
620,1982,NB,410,1.8214936247723132,165.9247268312424
621,1982,QC,690,1.8214936247723132,279.2391744233104
622,1982,ON,1659,1.8214936247723132,671.3881019830028
623,1982,MB,380,1.8214936247723132,153.7838931606637
624,1982,SK,413,1.8214936247723132,167.1388101983003
625,1982,AB,592,1.8214936247723132,239.5791177660866
626,1982,BC,1083,1.8214936247723132,438.28409550789155
628,1983,NL,998,1.721170395869191,403.8850667745852
629,1983,PE,695,1.721170395869191,281.26264670174015
630,1983,NS,584,1.721170395869191,236.34156212059895
631,1983,NB,435,1.721170395869191,176.04208822339135
632,1983,QC,707,1.721170395869191,286.1189801699717
633,1983,ON,1542,1.721170395869191,624.0388506677458
634,1983,MB,380,1.721170395869191,153.7838931606637
635,1983,SK,405,1.721170395869191,163.90125455281262
636,1983,AB,543,1.721170395869191,219.7490894374747
637,1983,BC,1091,1.721170395869191,441.5216511533792
639,1984,NL,938,1.6501650165016502,379.60339943342774
640,1984,PE,702,1.6501650165016502,284.0955078915419
641,1984,NS,592,1.6501650165016502,239.5791177660866
642,1984,NB,457,1.6501650165016502,184.9453662484824
643,1984,QC,690,1.6501650165016502,279.2391744233104
644,1984,ON,1509,1.6501650165016502,610.6839336301092
645,1984,MB,367,1.6501650165016502,148.52286523674624
646,1984,SK,393,1.6501650165016502,159.04492108458115
647,1984,AB,493,1.6501650165016502,199.51436665317684
648,1984,BC,1035,1.6501650165016502,418.85876163496556
650,1985,NL,911,1.5873015873015872,368.67664912990693
651,1985,PE,745,1.5873015873015872,301.49736948603805
652,1985,NS,614,1.5873015873015872,248.48239579117765
653,1985,NB,485,1.5873015873015872,196.2768110076892
654,1985,QC,659,1.5873015873015872,266.69364629704575
655,1985,ON,1402,1.5873015873015872,567.3816268717119
656,1985,MB,359,1.5873015873015872,145.2853095912586
657,1985,SK,357,1.5873015873015872,144.47592067988668
658,1985,AB,453,1.5873015873015872,183.32658842573855
659,1985,BC,961,1.5873015873015872,388.9113719142048
661,1986,NL,868,1.524390243902439,351.2747875354108
662,1986,PE,727,1.524390243902439,294.2128692836908
663,1986,NS,637,1.524390243902439,257.79036827195466
664,1986,NB,484,1.524390243902439,195.87211655200323
665,1986,QC,662,1.524390243902439,267.9077296641036
666,1986,ON,1288,1.524390243902439,521.2464589235127
667,1986,MB,344,1.524390243902439,139.21489275596923
668,1986,SK,332,1.524390243902439,134.35855928773776
669,1986,AB,407,1.524390243902439,164.71064346418453
670,1986,BC,884,1.524390243902439,357.7498988263861
672,1987,NL,914,1.4598540145985401,369.8907324969648
673,1987,PE,747,1.4598540145985401,302.30675839740996
674,1987,NS,666,1.4598540145985401,269.52650748684744
675,1987,NB,499,1.4598540145985401,201.9425333872926
676,1987,QC,697,1.4598540145985401,282.07203561311206
677,1987,ON,1288,1.4598540145985401,521.2464589235127
678,1987,MB,325,1.4598540145985401,131.52569809793604
679,1987,SK,298,1.4598540145985401,120.59894779441521
680,1987,AB,386,1.4598540145985401,156.21205989477943
681,1987,BC,833,1.4598540145985401,337.1104815864023
683,1988,NL,964,1.4044943820224718,390.12545528126265
684,1988,PE,767,1.4044943820224718,310.4006475111291
685,1988,NS,696,1.4044943820224718,281.6673411574261
686,1988,NB,515,1.4044943820224718,208.4176446782679
687,1988,QC,727,1.4044943820224718,294.2128692836908
688,1988,ON,1489,1.4044943820224718,602.5900445163901
689,1988,MB,304,1.4044943820224718,123.02711452853096
690,1988,SK,286,1.4044943820224718,115.74261432618373
691,1988,AB,374,1.4044943820224718,151.35572642654796
692,1988,BC,873,1.4044943820224718,353.29825981384056
694,1989,NL,1016,1.3368983957219251,411.1695669769324
695,1989,PE,835,1.3368983957219251,337.9198704977742
696,1989,NS,757,1.3368983957219251,306.3537029542695
697,1989,NB,542,1.3368983957219251,219.34439498178875
698,1989,QC,781,1.3368983957219251,316.06636989073246
699,1989,ON,1908,1.3368983957219251,772.1570214488062
700,1989,MB,328,1.3368983957219251,132.73978146499394
701,1989,SK,286,1.3368983957219251,115.74261432618373
702,1989,AB,411,1.3368983957219251,166.32942128692835
703,1989,BC,962,1.3368983957219251,389.31606636989073
705,1990,NL,1071,1.2755102040816326,433.42776203966
706,1990,PE,999,1.2755102040816326,404.28976123027115
707,1990,NS,820,1.2755102040816326,331.8494536624848
708,1990,NB,595,1.2755102040816326,240.79320113314446
709,1990,QC,859,1.2755102040816326,347.6325374342371
710,1990,ON,2147,1.2755102040816326,868.8789963577499
711,1990,MB,359,1.2755102040816326,145.2853095912586
712,1990,SK,284,1.2755102040816326,114.93322541481182
713,1990,AB,432,1.2755102040816326,174.82800485633345
714,1990,BC,1083,1.2755102040816326,438.28409550789155
716,1991,NL,1136,1.2077294685990339,459.73290165924726
717,1991,PE,1026,1.2077294685990339,415.21651153379196
718,1991,NS,816,1.2077294685990339,330.23067583974097
719,1991,NB,645,1.2077294685990339,261.0279239174423
720,1991,QC,918,1.2077294685990339,371.5095103197086
721,1991,ON,2303,1.2077294685990339,932.0113314447592
722,1991,MB,357,1.2077294685990339,144.47592067988668
723,1991,SK,265,1.2077294685990339,107.24403075677863
724,1991,AB,414,1.2077294685990339,167.54350465398625
725,1991,BC,1190,1.2077294685990339,481.5864022662889
727,1992,NL,1150,1.1904761904761905,465.39862403885064
728,1992,PE,1110,1.1904761904761905,449.21084581141236
729,1992,NS,836,1.1904761904761905,338.32456495346014
730,1992,NB,659,1.1904761904761905,266.69364629704575
731,1992,QC,943,1.1904761904761905,381.6268717118575
732,1992,ON,2184,1.1904761904761905,883.8526912181303
733,1992,MB,360,1.1904761904761905,145.69000404694455
734,1992,SK,255,1.1904761904761905,103.19708619991906
735,1992,AB,405,1.1904761904761905,163.90125455281262
736,1992,BC,1242,1.1904761904761905,502.6305139619587
738,1993,NL,1164,1.1682242990654206,471.0643464184541
739,1993,PE,1142,1.1682242990654206,462.161068393363
740,1993,NS,855,1.1682242990654206,346.0137596114933
741,1993,NB,674,1.1682242990654206,272.7640631323351
742,1993,QC,977,1.1682242990654206,395.38648320518007
743,1993,ON,2144,1.1682242990654206,867.664912990692
744,1993,MB,373,1.1682242990654206,150.951031970862
745,1993,SK,253,1.1682242990654206,102.38769728854714
746,1993,AB,413,1.1682242990654206,167.1388101983003
747,1993,BC,1399,1.1682242990654206,566.167543504654
749,1994,NL,1203,1.1668611435239207,486.84743019020635
750,1994,PE,1307,1.1668611435239207,528.9356535815459
751,1994,NS,875,1.1668611435239207,354.10764872521247
752,1994,NB,690,1.1668611435239207,279.2391744233104
753,1994,QC,1031,1.1668611435239207,417.23998381222174
754,1994,ON,2134,1.1668611435239207,863.6179684338324
755,1994,MB,388,1.1668611435239207,157.02144880615134
756,1994,SK,271,1.1668611435239207,109.67219749089438
757,1994,AB,450,1.1668611435239207,182.11250505868068
758,1994,BC,1589,1.1668611435239207,643.0594900849858
760,1995,NL,1243,1.1415525114155252,503.03520841764464
761,1995,PE,1545,1.1415525114155252,625.2529340348037
762,1995,NS,896,1.1415525114155252,362.60623229461754
763,1995,NB,754,1.1415525114155252,305.13961958721166
764,1995,QC,1114,1.1415525114155252,450.8296236341562
765,1995,ON,2188,1.1415525114155252,885.4714690408741
766,1995,MB,413,1.1415525114155252,167.1388101983003
767,1995,SK,299,1.1415525114155252,121.00364225010117
768,1995,AB,515,1.1415525114155252,208.4176446782679
769,1995,BC,1767,1.1415525114155252,715.0951031970861
771,1996,NL,1286,1.124859392575928,520.4370700121408
772,1996,PE,1636,1.124859392575928,662.0801295022258
773,1996,NS,939,1.124859392575928,380.0080938891137
774,1996,NB,815,1.124859392575928,329.825981384055
775,1996,QC,1220,1.124859392575928,493.72723593686766
776,1996,ON,2384,1.124859392575928,964.7915823553217
777,1996,MB,443,1.124859392575928,179.279643868879
778,1996,SK,314,1.124859392575928,127.07405908539053
779,1996,AB,553,1.124859392575928,223.79603399433427
780,1996,BC,1890,1.124859392575928,764.8725212464589
782,1997,NL,1318,1.1061946902654867,533.3872925940915
783,1997,PE,1718,1.1061946902654867,695.2650748684742
784,1997,NS,976,1.1061946902654867,394.9817887494941
785,1997,NB,909,1.1061946902654867,367.86726021853497
786,1997,QC,1428,1.1061946902654867,577.9036827195467
787,1997,ON,2671,1.1061946902654867,1080.9388911371914
788,1997,MB,483,1.1061946902654867,195.46742209631728
789,1997,SK,329,1.1061946902654867,133.1444759206799
790,1997,AB,611,1.1061946902654867,247.26831242411978
791,1997,BC,2010,1.1061946902654867,813.4358559287738
793,1998,NL,1359,1.095290251916758,549.9797652772157
794,1998,PE,1771,1.095290251916758,716.71388101983
795,1998,NS,1034,1.095290251916758,418.4540671792796
796,1998,NB,978,1.095290251916758,395.791177660866
797,1998,QC,1572,1.095290251916758,636.1796843383246
798,1998,ON,2813,1.095290251916758,1138.4055038445972
799,1998,MB,501,1.095290251916758,202.7519222986645
800,1998,SK,333,1.095290251916758,134.76325374342372
801,1998,AB,658,1.095290251916758,266.2889518413598
802,1998,BC,2016,1.095290251916758,815.8640226628895
804,1999,NL,1397,1.0764262648008611,565.358154593282
805,1999,PE,1825,1.0764262648008611,738.5673816268717
806,1999,NS,1082,1.0764262648008611,437.8794010522056
807,1999,NB,1045,1.0764262648008611,422.9057061918252
808,1999,QC,1696,1.0764262648008611,686.3617968433832
809,1999,ON,2900,1.0764262648008611,1173.6139214892755
810,1999,MB,510,1.0764262648008611,206.3941723998381
811,1999,SK,334,1.0764262648008611,135.16794819910967
812,1999,AB,690,1.0764262648008611,279.2391744233104
813,1999,BC,2012,1.0764262648008611,814.2452448401457
815,2000,NL,1426,1.0482180293501047,577.0942938081748
816,2000,PE,1849,1.0482180293501047,748.2800485633346
817,2000,NS,1120,1.0482180293501047,453.2577903682719
818,2000,NB,1082,1.0482180293501047,437.8794010522056
819,2000,QC,1789,1.0482180293501047,723.9983812221773
820,2000,ON,2964,1.0482180293501047,1199.514366653177
821,2000,MB,518,1.0482180293501047,209.63172804532576
822,2000,SK,336,1.0482180293501047,135.97733711048159
823,2000,AB,721,1.0482180293501047,291.78470254957506
824,2000,BC,2029,1.0482180293501047,821.1250505868069
826,2001,NL,1455,1.0224948875255624,588.8304330230676
827,2001,PE,1859,1.0224948875255624,752.3269931201942
828,2001,NS,1154,1.0224948875255624,467.01740186159446
829,2001,NB,1111,1.0224948875255624,449.6155402670983
830,2001,QC,1856,1.0224948875255624,751.1129097531364
831,2001,ON,3028,1.0224948875255624,1225.414811817078
832,2001,MB,525,1.0224948875255624,212.46458923512748
833,2001,SK,337,1.0224948875255624,136.38203156616754
834,2001,AB,747,1.0224948875255624,302.30675839740996
835,2001,BC,2044,1.0224948875255624,827.1954674220963
837,2002,NL,1539,1.0,622.824767300688
838,2002,PE,1903,1.0,770.1335491703763
839,2002,NS,1206,1.0,488.0615135572642
840,2002,NB,1156,1.0,467.8267907729664
841,2002,QC,2017,1.0,816.2687171185754
842,2002,ON,3248,1.0,1314.4475920679886
843,2002,MB,547,1.0,221.36786726021853
844,2002,SK,345,1.0,139.6195872116552
845,2002,AB,806,1.0,326.1837312828814
846,2002,BC,2158,1.0,873.3306353702953
848,2003,NL,1627,0.9727626459143969,658.4378794010522
849,2003,PE,1953,0.9727626459143969,790.3682719546742
850,2003,NS,1250,0.9727626459143969,505.8680696074464
851,2003,NB,1206,0.9727626459143969,488.0615135572642
852,2003,QC,2126,0.9727626459143969,860.3804127883448
853,2003,ON,3466,0.9727626459143969,1402.6709834075273
854,2003,MB,581,0.9727626459143969,235.12747875354106
855,2003,SK,360,0.9727626459143969,145.69000404694455
856,2003,AB,863,0.9727626459143969,349.25131525698094
857,2003,BC,2297,0.9727626459143969,929.5831647106435
859,2004,NL,1720,0.9551098376313276,696.0744637798462
860,2004,PE,2019,0.9551098376313276,817.0781060299473
861,2004,NS,1300,0.9551098376313276,526.1027923917442
862,2004,NB,1282,0.9551098376313276,518.818292189397
863,2004,QC,2211,0.9551098376313276,894.7794415216512
864,2004,ON,3712,0.9551098376313276,1502.2258195062727
865,2004,MB,605,0.9551098376313276,244.84014569000405
866,2004,SK,371,0.9551098376313276,150.1416430594901
867,2004,AB,931,0.9551098376313276,376.77053824362605
868,2004,BC,2496,0.9551098376313276,1010.1173613921488
870,2005,NL,1854,0.9345794392523364,750.3035208417645
871,2005,PE,2066,0.9345794392523364,836.0987454471873
872,2005,NS,1345,0.9345794392523364,544.3140428976122
873,2005,NB,1322,0.9345794392523364,535.0060704168353
874,2005,QC,2302,0.9345794392523364,931.6066369890732
875,2005,ON,3938,0.9345794392523364,1593.686766491299
876,2005,MB,636,0.9345794392523364,257.3856738162687
877,2005,SK,381,0.9345794392523364,154.18858761634965
878,2005,AB,1012,0.9345794392523364,409.5507891541886
879,2005,BC,2774,0.9345794392523364,1122.622420072845
881,2006,NL,2019,0.9165902841429882,817.0781060299473
882,2006,PE,2115,0.9165902841429882,855.9287737757992
883,2006,NS,1402,0.9165902841429882,567.3816268717119
884,2006,NB,1373,0.9165902841429882,555.6454876568191
885,2006,QC,2379,0.9165902841429882,962.768110076892
886,2006,ON,4201,0.9165902841429882,1700.1214083367058
887,2006,MB,664,0.9165902841429882,268.7171185754755
888,2006,SK,391,0.9165902841429882,158.2355321732092
889,2006,AB,1095,0.9165902841429882,443.140428976123
890,2006,BC,3191,0.9165902841429882,1291.380008093889
892,2007,NL,2216,0.8968609865470852,896.8029138000809
893,2007,PE,2140,0.8968609865470852,866.0461351679481
894,2007,NS,1409,0.8968609865470852,570.2144880615135
895,2007,NB,1433,0.8968609865470852,579.9271549979765
896,2007,QC,2436,0.8968609865470852,985.8356940509915
897,2007,ON,4443,0.8968609865470852,1798.0574666127072
898,2007,MB,706,0.8968609865470852,285.7142857142857
899,2007,SK,411,0.8968609865470852,166.32942128692835
900,2007,AB,1203,0.8968609865470852,486.84743019020635
901,2007,BC,3653,0.8968609865470852,1478.3488466208012
903,2008,NL,2317,0.8764241893076249,937.6770538243626
904,2008,PE,2099,0.8764241893076249,849.4536624848239
905,2008,NS,1503,0.8764241893076249,608.2557668959935
906,2008,NB,1410,0.8764241893076249,570.6191825171995
907,2008,QC,2635,0.8764241893076249,1066.369890732497
908,2008,ON,4750,0.8764241893076249,1922.2986645082963
909,2008,MB,804,0.8764241893076249,325.3743423715095
910,2008,SK,463,0.8764241893076249,187.37353298259814
911,2008,AB,1381,0.8764241893076249,558.8830433023068
912,2008,BC,4355,0.8764241893076249,1762.4443545123431
914,2009,NL,2557,0.8741258741258741,1034.8037231889923
915,2009,PE,2100,0.8741258741258741,849.8583569405099
916,2009,NS,1606,0.8741258741258741,649.9392958316471
917,2009,NB,1568,0.8741258741258741,634.5609065155808
918,2009,QC,2875,0.8741258741258741,1163.4965600971266
919,2009,ON,5036,0.8741258741258741,2038.04127883448
920,2009,MB,890,0.8741258741258741,360.1780655605018
921,2009,SK,517,0.8741258741258741,209.2270335896398
922,2009,AB,1426,0.8741258741258741,577.0942938081748
923,2009,BC,4602,0.8741258741258741,1862.4038850667746
925,2010,NL,2688,0.8583690987124464,1087.8186968838527
926,2010,PE,2125,0.8583690987124464,859.9757183326589
927,2010,NS,1663,0.8583690987124464,673.0068798057466
928,2010,NB,1621,0.8583690987124464,656.0097126669365
929,2010,QC,2979,0.8583690987124464,1205.5847834884662
930,2010,ON,5461,0.8583690987124464,2210.0364225010117
931,2010,MB,981,0.8583690987124464,397.0052610279239
932,2010,SK,551,0.8583690987124464,222.98664508296235
933,2010,AB,1514,0.8583690987124464,612.707405908539
934,2010,BC,4765,0.8583690987124464,1928.3690813435855
936,2011,NL,2811,0.8340283569641367,1137.5961149332254
937,2011,PE,2205,0.8340283569641367,892.3512747875354
938,2011,NS,1709,0.8340283569641367,691.6228247673007
939,2011,NB,1673,0.8340283569641367,677.0538243626062
940,2011,QC,3128,0.8340283569641367,1265.8842573856737
941,2011,ON,5985,0.8340283569641367,2422.096317280453
942,2011,MB,1035,0.8340283569641367,418.85876163496556
943,2011,SK,624,0.8340283569641367,252.5293403480372
944,2011,AB,1592,0.8340283569641367,644.2735734520437
945,2011,BC,4988,0.8340283569641367,2018.6159449615539
947,2012,NL,2859,0.8216926869350862,1157.0214488061513
948,2012,PE,2309,0.8216926869350862,934.4394981788749
949,2012,NS,1786,0.8216926869350862,722.7842978551193
950,2012,NB,1734,0.8216926869350862,701.7401861594495
951,2012,QC,3375,0.8216926869350862,1365.8437879401051
952,2012,ON,7013,0.8216926869350862,2838.1222177256172
953,2012,MB,1140,0.8216926869350862,461.3516794819911
954,2012,SK,720,0.8216926869350862,291.3800080938891
955,2012,AB,1706,0.8216926869350862,690.4087414002428
956,2012,BC,4898,0.8216926869350862,1982.1934439498177
958,2013,NL,2908,0.8143322475570033,1176.8514771347632
959,2013,PE,2478,0.8143322475570033,1002.8328611898016
960,2013,NS,1891,0.8143322475570033,765.2772157021449
961,2013,NB,1829,0.8143322475570033,740.1861594496155
962,2013,QC,4175,0.8143322475570033,1689.5993524888709
963,2013,ON,8087,0.8143322475570033,3272.764063132335
964,2013,MB,1395,0.8143322475570033,564.5487656819101
965,2013,SK,872,0.8143322475570033,352.8935653581546
966,2013,AB,1893,0.8143322475570033,766.0866046135168
967,2013,BC,4886,0.8143322475570033,1977.3371104815863
969,2014,NL,3011,0.7987220447284344,1218.5350060704168
970,2014,PE,2620,0.7987220447284344,1060.2994738972075
971,2014,NS,1939,0.7987220447284344,784.7025495750707
972,2014,NB,1981,0.7987220447284344,801.699716713881
973,2014,QC,4624,0.7987220447284344,1871.3071630918655
974,2014,ON,8705,0.7987220447284344,3522.8652367462564
975,2014,MB,1596,0.7987220447284344,645.8923512747875
976,2014,SK,1026,0.7987220447284344,415.21651153379196
977,2014,AB,2025,0.7987220447284344,819.506272764063
978,2014,BC,4951,0.7987220447284344,2003.6422501011734
980,2015,NL,3178,0.7898894154818326,1286.1189801699716
981,2015,PE,2809,0.7898894154818326,1136.7867260218534
982,2015,NS,2012,0.7898894154818326,814.2452448401457
983,2015,NB,2081,0.7898894154818326,842.1691622824767
984,2015,QC,5032,0.7898894154818326,2036.4225010117361
985,2015,ON,9289,0.7898894154818326,3759.2067988668555
986,2015,MB,1767,0.7898894154818326,715.0951031970861
987,2015,SK,1134,0.7898894154818326,458.92351274787535
988,2015,AB,2185,0.7898894154818326,884.2573856738162
989,2015,BC,5083,0.7898894154818326,2057.06191825172
991,2016,NL,3416,0.778816199376947,1382.4362606232294
992,2016,PE,3054,0.778816199376947,1235.936867664913
993,2016,NS,2096,0.778816199376947,848.2395791177661
994,2016,NB,2157,0.778816199376947,872.9259409146094
995,2016,QC,5320,0.778816199376947,2152.974504249292
996,2016,ON,9580,0.778816199376947,3876.972885471469
997,2016,MB,1919,0.778816199376947,776.6086604613516
998,2016,SK,1210,0.778816199376947,489.6802913800081
999,2016,AB,2354,0.778816199376947,952.650748684743
1000,2016,BC,5321,0.778816199376947,2153.3791987049776
1002,2017,NL,3803,0.7668711656441718,1539.0530149736949
1003,2017,PE,3323,0.7668711656441718,1344.7996762444354
1004,2017,NS,2354,0.7668711656441718,952.650748684743
1005,2017,NB,2314,0.7668711656441718,936.4629704573047
1006,2017,QC,5740,0.7668711656441718,2322.9461756373935
1007,2017,ON,10409,0.7668711656441718,4212.464589235127
1008,2017,MB,2095,0.7668711656441718,847.8348846620801
1009,2017,SK,1341,0.7668711656441718,542.6952650748684
1010,2017,AB,2564,0.7668711656441718,1037.636584378794
1011,2017,BC,5825,0.7668711656441718,2357.3452043707002
1013,2018,NL,4802,0.7496251874062968,1943.342776203966
1014,2018,PE,3518,0.7496251874062968,1423.715095103197
1015,2018,NS,2555,0.7496251874062968,1033.9943342776203
1016,2018,NB,2518,0.7496251874062968,1019.02063941724
1017,2018,QC,6122,0.7496251874062968,2477.5394577094294
1018,2018,ON,11087,0.7496251874062968,4486.847430190206
1019,2018,MB,2232,0.7496251874062968,903.2780250910562
1020,2018,SK,1460,0.7496251874062968,590.8539053014973
1021,2018,AB,2742,0.7496251874062968,1109.6721974908944
1022,2018,BC,6301,0.7496251874062968,2549.9797652772154
1024,2019,NL,5847,0.7352941176470589,2366.248482395791
1025,2019,PE,4063,0.7352941176470589,1644.2735734520436
1026,2019,NS,2713,0.7352941176470589,1097.9360582760016
1027,2019,NB,2885,0.7352941176470589,1167.5435046539862
1028,2019,QC,6656,0.7352941176470589,2693.6462970457305
1029,2019,ON,11786,0.7352941176470589,4769.72885471469
1030,2019,MB,2382,0.7352941176470589,963.9821934439498
1031,2019,SK,1585,0.7352941176470589,641.440712262242
1032,2019,AB,2897,0.7352941176470589,1172.3998381222177
1033,2019,BC,6855,0.7352941176470589,2774.180493727236
1035,2020,NL,6623,0.7299270072992701,2680.2913800080937
1036,2020,PE,4421,0.7299270072992701,1789.1541885876163
1037,2020,NS,2909,0.7299270072992701,1177.2561715904492
1038,2020,NB,3353,0.7299270072992701,1356.9405099150142
1039,2020,QC,7066,0.7299270072992701,2859.571023876973
1040,2020,ON,12341,0.7299270072992701,4994.334277620396
1041,2020,MB,2532,0.7299270072992701,1024.6863617968434
1042,2020,SK,1710,0.7299270072992701,692.0275192229866
1043,2020,AB,3091,0.7299270072992701,1250.9105625252935
1044,2020,BC,7449,0.7299270072992701,3014.569000404694
1046,2021,NL,7497,0.7062146892655368,3033.9943342776205
1047,2021,PE,4664,0.7062146892655368,1887.494941319304
1048,2021,NS,3313,0.7062146892655368,1340.7527316875758
1049,2021,NB,3432,0.7062146892655368,1388.9113719142047
1050,2021,QC,8072,0.7062146892655368,3266.6936462970457
1051,2021,ON,14435,0.7062146892655368,5841.764467826791
1052,2021,MB,2761,0.7062146892655368,1117.3613921489275
1053,2021,SK,1798,0.7062146892655368,727.6406313233508
1054,2021,AB,3279,0.7062146892655368,1326.9931201942534
1055,2021,BC,8812,0.7062146892655368,3566.167543504654
1057,2022,NL,8132,0.6613756613756614,3290.9753136382033
1058,2022,PE,5898,0.6613756613756614,2386.887899635775
1059,2022,NS,3658,0.6613756613756614,1480.372318899231
1060,2022,NB,3743,0.6613756613756614,1514.7713476325373
1061,2022,QC,9089,0.6613756613756614,3678.267907729664
1062,2022,ON,17962,0.6613756613756614,7269.121813031161
1063,2022,MB,3121,0.6613756613756614,1263.051396195872
1064,2022,SK,2050,0.6613756613756614,829.623634156212
1065,2022,AB,3495,0.6613756613756614,1414.40712262242
1066,2022,BC,9986,0.6613756613756614,4041.2788344799674
