x,y,STATION_NAME,LOCAL_DATE,CLIMATE_IDENTIFIER,SPEED_MAX_GUST,PROVINCE_CODE,MEAN_TEMPERATURE,MAX_REL_HUMIDITY
-123.42722222222223,48.5975,SAANICHTON MT NEWTON,1996-12-15 00:00:00,1016RM0,,BC,,
-123.42722222222223,48.5975,SAANICHTON MT NEWTON,1989-08-24 00:00:00,1016RM0,,BC,,
-123.42722222222223,48.5975,SAANICHTON MT NEWTON,2022-09-09 00:00:00,1016RM0,,BC,,
-123.42722222222223,48.5975,SAANICHTON MT NEWTON,2004-05-28 00:00:00,1016RM0,,BC,,
-123.42722222222223,48.5975,SAANICHTON MT NEWTON,1989-07-08 00:00:00,1016RM0,,BC,,
-123.42722222222223,48.5975,SAANICHTON MT NEWTON,2022-07-21 00:00:00,1016RM0,,BC,,
-123.42722222222223,48.5975,SAANICHTON MT NEWTON,1996-11-06 00:00:00,1016RM0,,BC,,
-123.42722222222223,48.5975,SAANICHTON MT NEWTON,2011-01-24 00:00:00,1016RM0,,BC,,
-123.42722222222223,48.5975,SAANICHTON MT NEWTON,2003-12-29 00:00:00,1016RM0,,BC,,
-123.42722222222223,48.5975,SAANICHTON MT NEWTON,1992-05-06 00:00:00,1016RM0,,BC,,
-123.42722222222223,48.5975,SAANICHTON MT NEWTON,2004-08-12 00:00:00,1016RM0,,BC,,
-123.42722222222223,48.5975,SAANICHTON MT NEWTON,2001-04-15 00:00:00,1016RM0,,BC,,
-123.42722222222223,48.5975,SAANICHTON MT NEWTON,1999-10-20 00:00:00,1016RM0,,BC,,
-123.42722222222223,48.5975,SAANICHTON MT NEWTON,2006-08-05 00:00:00,1016RM0,,BC,,
-123.42722222222223,48.5975,SAANICHTON MT NEWTON,2000-04-02 00:00:00,1016RM0,,BC,,
-123.42722222222223,48.5975,SAANICHTON MT NEWTON,1994-04-26 00:00:00,1016RM0,,BC,,
-123.42722222222223,48.5975,SAANICHTON MT NEWTON,1990-09-27 00:00:00,1016RM0,,BC,,
-123.42722222222223,48.5975,SAANICHTON MT NEWTON,2003-08-11 00:00:00,1016RM0,,BC,,
-123.42722222222223,48.5975,SAANICHTON MT NEWTON,1990-08-05 00:00:00,1016RM0,,BC,,
-123.42722222222223,48.5975,SAANICHTON MT NEWTON,2004-03-22 00:00:00,1016RM0,,BC,,
-123.42722222222223,48.5975,SAANICHTON MT NEWTON,2006-08-07 00:00:00,1016RM0,,BC,,
-123.42722222222223,48.5975,SAANICHTON MT NEWTON,2021-01-07 00:00:00,1016RM0,,BC,,
-123.42722222222223,48.5975,SAANICHTON MT NEWTON,1999-07-19 00:00:00,1016RM0,,BC,,
-123.42722222222223,48.5975,SAANICHTON MT NEWTON,1991-02-27 00:00:00,1016RM0,,BC,,
-123.42722222222223,48.5975,SAANICHTON MT NEWTON,2005-08-31 00:00:00,1016RM0,,BC,,
-123.42722222222223,48.5975,SAANICHTON MT NEWTON,1989-04-11 00:00:00,1016RM0,,BC,,
-123.42722222222223,48.5975,SAANICHTON MT NEWTON,2007-12-09 00:00:00,1016RM0,,BC,,
-123.42722222222223,48.5975,SAANICHTON MT NEWTON,1999-02-16 00:00:00,1016RM0,,BC,,
-123.42722222222223,48.5975,SAANICHTON MT NEWTON,1998-03-28 00:00:00,1016RM0,,BC,,
-123.42722222222223,48.5975,SAANICHTON MT NEWTON,1996-02-25 00:00:00,1016RM0,,BC,,
-123.42722222222223,48.5975,SAANICHTON MT NEWTON,2004-12-13 00:00:00,1016RM0,,BC,,
-123.42722222222223,48.5975,SAANICHTON MT NEWTON,2013-01-07 00:00:00,1016RM0,,BC,,
-123.42722222222223,48.5975,SAANICHTON MT NEWTON,1996-08-31 00:00:00,1016RM0,,BC,,
-123.42722222222223,48.5975,SAANICHTON MT NEWTON,2001-02-24 00:00:00,1016RM0,,BC,,
-123.42722222222223,48.5975,SAANICHTON MT NEWTON,2009-05-19 00:00:00,1016RM0,,BC,,
-123.42722222222223,48.5975,SAANICHTON MT NEWTON,1991-11-12 00:00:00,1016RM0,,BC,,
-123.42722222222223,48.5975,SAANICHTON MT NEWTON,2017-03-09 00:00:00,1016RM0,,BC,,
-123.42722222222223,48.5975,SAANICHTON MT NEWTON,1999-11-10 00:00:00,1016RM0,,BC,,
-123.42722222222223,48.5975,SAANICHTON MT NEWTON,1987-04-29 00:00:00,1016RM0,,BC,,
-123.42722222222223,48.5975,SAANICHTON MT NEWTON,2006-07-06 00:00:00,1016RM0,,BC,,
-123.42722222222223,48.5975,SAANICHTON MT NEWTON,1992-02-08 00:00:00,1016RM0,,BC,,
-123.42722222222223,48.5975,SAANICHTON MT NEWTON,2004-03-28 00:00:00,1016RM0,,BC,,
-123.42722222222223,48.5975,SAANICHTON MT NEWTON,1992-07-18 00:00:00,1016RM0,,BC,,
-123.42722222222223,48.5975,SAANICHTON MT NEWTON,1999-05-22 00:00:00,1016RM0,,BC,,
-123.42722222222223,48.5975,SAANICHTON MT NEWTON,2012-04-03 00:00:00,1016RM0,,BC,,
-123.42722222222223,48.5975,SAANICHTON MT NEWTON,1988-02-11 00:00:00,1016RM0,,BC,,
-123.42722222222223,48.5975,SAANICHTON MT NEWTON,2015-01-22 00:00:00,1016RM0,,BC,,
-123.42722222222223,48.5975,SAANICHTON MT NEWTON,1991-12-30 00:00:00,1016RM0,,BC,,
-123.42722222222223,48.5975,SAANICHTON MT NEWTON,1993-08-03 00:00:00,1016RM0,,BC,,
-123.42722222222223,48.5975,SAANICHTON MT NEWTON,1994-08-03 00:00:00,1016RM0,,BC,,
-123.42722222222223,48.5975,SAANICHTON MT NEWTON,1989-07-02 00:00:00,1016RM0,,BC,,
-123.42722222222223,48.5975,SAANICHTON MT NEWTON,2010-11-05 00:00:00,1016RM0,,BC,,
-123.42722222222223,48.5975,SAANICHTON MT NEWTON,1995-08-08 00:00:00,1016RM0,,BC,,
-123.42722222222223,48.5975,SAANICHTON MT NEWTON,1994-09-22 00:00:00,1016RM0,,BC,,
-123.42722222222223,48.5975,SAANICHTON MT NEWTON,1996-06-26 00:00:00,1016RM0,,BC,,
-123.42722222222223,48.5975,SAANICHTON MT NEWTON,2022-02-21 00:00:00,1016RM0,,BC,,
-123.42722222222223,48.5975,SAANICHTON MT NEWTON,1989-09-29 00:00:00,1016RM0,,BC,,
-123.42722222222223,48.5975,SAANICHTON MT NEWTON,2004-12-11 00:00:00,1016RM0,,BC,,
-123.42722222222223,48.5975,SAANICHTON MT NEWTON,1998-06-30 00:00:00,1016RM0,,BC,,
-123.42722222222223,48.5975,SAANICHTON MT NEWTON,2020-05-18 00:00:00,1016RM0,,BC,,
-123.42722222222223,48.5975,SAANICHTON MT NEWTON,2002-05-23 00:00:00,1016RM0,,BC,,
-123.42722222222223,48.5975,SAANICHTON MT NEWTON,2007-04-25 00:00:00,1016RM0,,BC,,
-123.42722222222223,48.5975,SAANICHTON MT NEWTON,1995-04-16 00:00:00,1016RM0,,BC,,
-123.42722222222223,48.5975,SAANICHTON MT NEWTON,1991-12-22 00:00:00,1016RM0,,BC,,
-123.42722222222223,48.5975,SAANICHTON MT NEWTON,1997-07-11 00:00:00,1016RM0,,BC,,
-123.42722222222223,48.5975,SAANICHTON MT NEWTON,1996-10-15 00:00:00,1016RM0,,BC,,
-123.42722222222223,48.5975,SAANICHTON MT NEWTON,2011-04-12 00:00:00,1016RM0,,BC,,
-123.42722222222223,48.5975,SAANICHTON MT NEWTON,2003-08-30 00:00:00,1016RM0,,BC,,
-123.42722222222223,48.5975,SAANICHTON MT NEWTON,1999-09-20 00:00:00,1016RM0,,BC,,
-123.42722222222223,48.5975,SAANICHTON MT NEWTON,1997-01-29 00:00:00,1016RM0,,BC,,
-123.42722222222223,48.5975,SAANICHTON MT NEWTON,2005-01-09 00:00:00,1016RM0,,BC,,
-123.42722222222223,48.5975,SAANICHTON MT NEWTON,1998-10-09 00:00:00,1016RM0,,BC,,
-123.42722222222223,48.5975,SAANICHTON MT NEWTON,1998-12-31 00:00:00,1016RM0,,BC,,
-123.42722222222223,48.5975,SAANICHTON MT NEWTON,1991-01-29 00:00:00,1016RM0,,BC,,
-123.42722222222223,48.5975,SAANICHTON MT NEWTON,1992-02-12 00:00:00,1016RM0,,BC,,
-123.42722222222223,48.5975,SAANICHTON MT NEWTON,2009-05-04 00:00:00,1016RM0,,BC,,
-123.42722222222223,48.5975,SAANICHTON MT NEWTON,2022-05-08 00:00:00,1016RM0,,BC,,
-123.42722222222223,48.5975,SAANICHTON MT NEWTON,2015-02-09 00:00:00,1016RM0,,BC,,
-123.42722222222223,48.5975,SAANICHTON MT NEWTON,1987-06-26 00:00:00,1016RM0,,BC,,
-123.42722222222223,48.5975,SAANICHTON MT NEWTON,1995-09-23 00:00:00,1016RM0,,BC,,
-123.42722222222223,48.5975,SAANICHTON MT NEWTON,2003-06-14 00:00:00,1016RM0,,BC,,
-123.42722222222223,48.5975,SAANICHTON MT NEWTON,1993-10-28 00:00:00,1016RM0,,BC,,
-123.42722222222223,48.5975,SAANICHTON MT NEWTON,2022-10-10 00:00:00,1016RM0,,BC,,
-123.42722222222223,48.5975,SAANICHTON MT NEWTON,2005-06-03 00:00:00,1016RM0,,BC,,
-123.42722222222223,48.5975,SAANICHTON MT NEWTON,2016-09-01 00:00:00,1016RM0,,BC,,
-123.42722222222223,48.5975,SAANICHTON MT NEWTON,1988-01-26 00:00:00,1016RM0,,BC,,
-123.42722222222223,48.5975,SAANICHTON MT NEWTON,1997-01-16 00:00:00,1016RM0,,BC,,
-123.42722222222223,48.5975,SAANICHTON MT NEWTON,2003-01-16 00:00:00,1016RM0,,BC,,
-123.42722222222223,48.5975,SAANICHTON MT NEWTON,2004-05-11 00:00:00,1016RM0,,BC,,
-123.42722222222223,48.5975,SAANICHTON MT NEWTON,1996-10-08 00:00:00,1016RM0,,BC,,
-123.42722222222223,48.5975,SAANICHTON MT NEWTON,1989-01-12 00:00:00,1016RM0,,BC,,
-123.42722222222223,48.5975,SAANICHTON MT NEWTON,1998-03-16 00:00:00,1016RM0,,BC,,
-123.42722222222223,48.5975,SAANICHTON MT NEWTON,1993-12-22 00:00:00,1016RM0,,BC,,
-123.42722222222223,48.5975,SAANICHTON MT NEWTON,2000-04-11 00:00:00,1016RM0,,BC,,
-123.42722222222223,48.5975,SAANICHTON MT NEWTON,2001-01-28 00:00:00,1016RM0,,BC,,
-123.42722222222223,48.5975,SAANICHTON MT NEWTON,1995-11-11 00:00:00,1016RM0,,BC,,
-123.42722222222223,48.5975,SAANICHTON MT NEWTON,2021-11-21 00:00:00,1016RM0,,BC,,
-123.42722222222223,48.5975,SAANICHTON MT NEWTON,2020-12-23 00:00:00,1016RM0,,BC,,
-123.42722222222223,48.5975,SAANICHTON MT NEWTON,1998-03-23 00:00:00,1016RM0,,BC,,
-123.42722222222223,48.5975,SAANICHTON MT NEWTON,2002-01-29 00:00:00,1016RM0,,BC,,
-123.42722222222223,48.5975,SAANICHTON MT NEWTON,2014-01-11 00:00:00,1016RM0,,BC,,
-123.42722222222223,48.5975,SAANICHTON MT NEWTON,1989-03-04 00:00:00,1016RM0,,BC,,
-123.42722222222223,48.5975,SAANICHTON MT NEWTON,2002-09-16 00:00:00,1016RM0,,BC,,
-123.42722222222223,48.5975,SAANICHTON MT NEWTON,2021-10-06 00:00:00,1016RM0,,BC,,
-123.42722222222223,48.5975,SAANICHTON MT NEWTON,2001-06-09 00:00:00,1016RM0,,BC,,
-123.42722222222223,48.5975,SAANICHTON MT NEWTON,1987-08-29 00:00:00,1016RM0,,BC,,
-123.42722222222223,48.5975,SAANICHTON MT NEWTON,2000-05-09 00:00:00,1016RM0,,BC,,
-123.42722222222223,48.5975,SAANICHTON MT NEWTON,1987-05-07 00:00:00,1016RM0,,BC,,
-123.42722222222223,48.5975,SAANICHTON MT NEWTON,1999-08-15 00:00:00,1016RM0,,BC,,
-123.42722222222223,48.5975,SAANICHTON MT NEWTON,1987-11-03 00:00:00,1016RM0,,BC,,
-123.42722222222223,48.5975,SAANICHTON MT NEWTON,1993-10-21 00:00:00,1016RM0,,BC,,
-123.42722222222223,48.5975,SAANICHTON MT NEWTON,1993-07-17 00:00:00,1016RM0,,BC,,
-123.42722222222223,48.5975,SAANICHTON MT NEWTON,1991-01-07 00:00:00,1016RM0,,BC,,
-123.42722222222223,48.5975,SAANICHTON MT NEWTON,2007-04-12 00:00:00,1016RM0,,BC,,
-123.42722222222223,48.5975,SAANICHTON MT NEWTON,2007-08-02 00:00:00,1016RM0,,BC,,
-123.42722222222223,48.5975,SAANICHTON MT NEWTON,1995-08-18 00:00:00,1016RM0,,BC,,
-123.42722222222223,48.5975,SAANICHTON MT NEWTON,1992-07-21 00:00:00,1016RM0,,BC,,
-123.42722222222223,48.5975,SAANICHTON MT NEWTON,2020-07-16 00:00:00,1016RM0,,BC,,
-123.42722222222223,48.5975,SAANICHTON MT NEWTON,2006-10-01 00:00:00,1016RM0,,BC,,
-123.42722222222223,48.5975,SAANICHTON MT NEWTON,2016-02-20 00:00:00,1016RM0,,BC,,
-123.42722222222223,48.5975,SAANICHTON MT NEWTON,1989-08-29 00:00:00,1016RM0,,BC,,
-123.42722222222223,48.5975,SAANICHTON MT NEWTON,1991-07-23 00:00:00,1016RM0,,BC,,
-123.42722222222223,48.5975,SAANICHTON MT NEWTON,2007-03-15 00:00:00,1016RM0,,BC,,
-123.42722222222223,48.5975,SAANICHTON MT NEWTON,2005-11-01 00:00:00,1016RM0,,BC,,
-123.42722222222223,48.5975,SAANICHTON MT NEWTON,1994-11-23 00:00:00,1016RM0,,BC,,
-123.42722222222223,48.5975,SAANICHTON MT NEWTON,2004-04-28 00:00:00,1016RM0,,BC,,
-123.42722222222223,48.5975,SAANICHTON MT NEWTON,1991-11-16 00:00:00,1016RM0,,BC,,
-123.42722222222223,48.5975,SAANICHTON MT NEWTON,1997-11-05 00:00:00,1016RM0,,BC,,
-123.42722222222223,48.5975,SAANICHTON MT NEWTON,1997-03-28 00:00:00,1016RM0,,BC,,
-123.42722222222223,48.5975,SAANICHTON MT NEWTON,2001-03-05 00:00:00,1016RM0,,BC,,
-123.42722222222223,48.5975,SAANICHTON MT NEWTON,1994-03-24 00:00:00,1016RM0,,BC,,
-123.42722222222223,48.5975,SAANICHTON MT NEWTON,2002-04-10 00:00:00,1016RM0,,BC,,
-123.42722222222223,48.5975,SAANICHTON MT NEWTON,2014-04-19 00:00:00,1016RM0,,BC,,
-123.42722222222223,48.5975,SAANICHTON MT NEWTON,2013-12-17 00:00:00,1016RM0,,BC,,
-123.42722222222223,48.5975,SAANICHTON MT NEWTON,2002-02-20 00:00:00,1016RM0,,BC,,
-123.42722222222223,48.5975,SAANICHTON MT NEWTON,1992-04-03 00:00:00,1016RM0,,BC,,
-123.42722222222223,48.5975,SAANICHTON MT NEWTON,2001-07-15 00:00:00,1016RM0,,BC,,
-123.42722222222223,48.5975,SAANICHTON MT NEWTON,2000-11-13 00:00:00,1016RM0,,BC,,
-123.42722222222223,48.5975,SAANICHTON MT NEWTON,1996-02-14 00:00:00,1016RM0,,BC,,
-123.42722222222223,48.5975,SAANICHTON MT NEWTON,2009-11-13 00:00:00,1016RM0,,BC,,
-123.42722222222223,48.5975,SAANICHTON MT NEWTON,2004-05-03 00:00:00,1016RM0,,BC,,
-123.42722222222223,48.5975,SAANICHTON MT NEWTON,2007-04-20 00:00:00,1016RM0,,BC,,
-123.42722222222223,48.5975,SAANICHTON MT NEWTON,2005-11-22 00:00:00,1016RM0,,BC,,
-123.42722222222223,48.5975,SAANICHTON MT NEWTON,2014-10-11 00:00:00,1016RM0,,BC,,
-123.42722222222223,48.5975,SAANICHTON MT NEWTON,2004-05-27 00:00:00,1016RM0,,BC,,
-123.42722222222223,48.5975,SAANICHTON MT NEWTON,1991-04-08 00:00:00,1016RM0,,BC,,
-123.42722222222223,48.5975,SAANICHTON MT NEWTON,1987-06-19 00:00:00,1016RM0,,BC,,
-123.42722222222223,48.5975,SAANICHTON MT NEWTON,2002-05-31 00:00:00,1016RM0,,BC,,
-123.42722222222223,48.5975,SAANICHTON MT NEWTON,1992-04-11 00:00:00,1016RM0,,BC,,
-123.42722222222223,48.5975,SAANICHTON MT NEWTON,1987-09-14 00:00:00,1016RM0,,BC,,
-123.42722222222223,48.5975,SAANICHTON MT NEWTON,2000-04-30 00:00:00,1016RM0,,BC,,
-123.42722222222223,48.5975,SAANICHTON MT NEWTON,1988-08-15 00:00:00,1016RM0,,BC,,
-123.42722222222223,48.5975,SAANICHTON MT NEWTON,2005-10-26 00:00:00,1016RM0,,BC,,
-123.42722222222223,48.5975,SAANICHTON MT NEWTON,2021-02-11 00:00:00,1016RM0,,BC,,
-123.42722222222223,48.5975,SAANICHTON MT NEWTON,1998-02-22 00:00:00,1016RM0,,BC,,
-123.42722222222223,48.5975,SAANICHTON MT NEWTON,1992-09-02 00:00:00,1016RM0,,BC,,
-123.42722222222223,48.5975,SAANICHTON MT NEWTON,2022-10-07 00:00:00,1016RM0,,BC,,
-123.42722222222223,48.5975,SAANICHTON MT NEWTON,1991-01-30 00:00:00,1016RM0,,BC,,
-123.42722222222223,48.5975,SAANICHTON MT NEWTON,2005-10-01 00:00:00,1016RM0,,BC,,
-123.42722222222223,48.5975,SAANICHTON MT NEWTON,2003-04-15 00:00:00,1016RM0,,BC,,
-123.42722222222223,48.5975,SAANICHTON MT NEWTON,2002-09-28 00:00:00,1016RM0,,BC,,
-123.42722222222223,48.5975,SAANICHTON MT NEWTON,2000-01-27 00:00:00,1016RM0,,BC,,
-123.42722222222223,48.5975,SAANICHTON MT NEWTON,1989-11-15 00:00:00,1016RM0,,BC,,
-123.42722222222223,48.5975,SAANICHTON MT NEWTON,1991-11-06 00:00:00,1016RM0,,BC,,
-123.42722222222223,48.5975,SAANICHTON MT NEWTON,1992-11-07 00:00:00,1016RM0,,BC,,
-123.42722222222223,48.5975,SAANICHTON MT NEWTON,2002-08-24 00:00:00,1016RM0,,BC,,
-123.42722222222223,48.5975,SAANICHTON MT NEWTON,1990-02-13 00:00:00,1016RM0,,BC,,
-123.42722222222223,48.5975,SAANICHTON MT NEWTON,2001-11-02 00:00:00,1016RM0,,BC,,
-123.42722222222223,48.5975,SAANICHTON MT NEWTON,2019-10-22 00:00:00,1016RM0,,BC,,
-123.42722222222223,48.5975,SAANICHTON MT NEWTON,1992-05-16 00:00:00,1016RM0,,BC,,
-123.42722222222223,48.5975,SAANICHTON MT NEWTON,2005-11-23 00:00:00,1016RM0,,BC,,
-123.42722222222223,48.5975,SAANICHTON MT NEWTON,1996-07-15 00:00:00,1016RM0,,BC,,
-123.42722222222223,48.5975,SAANICHTON MT NEWTON,2020-10-11 00:00:00,1016RM0,,BC,,
-123.42722222222223,48.5975,SAANICHTON MT NEWTON,2001-04-24 00:00:00,1016RM0,,BC,,
-123.42722222222223,48.5975,SAANICHTON MT NEWTON,2007-07-16 00:00:00,1016RM0,,BC,,
-123.42722222222223,48.5975,SAANICHTON MT NEWTON,1995-10-03 00:00:00,1016RM0,,BC,,
-123.42722222222223,48.5975,SAANICHTON MT NEWTON,1988-06-06 00:00:00,1016RM0,,BC,,
-123.42722222222223,48.5975,SAANICHTON MT NEWTON,1998-05-22 00:00:00,1016RM0,,BC,,
-123.42722222222223,48.5975,SAANICHTON MT NEWTON,2017-05-12 00:00:00,1016RM0,,BC,,
-123.42722222222223,48.5975,SAANICHTON MT NEWTON,2022-06-24 00:00:00,1016RM0,,BC,,
-123.42722222222223,48.5975,SAANICHTON MT NEWTON,1994-02-21 00:00:00,1016RM0,,BC,,
-123.42722222222223,48.5975,SAANICHTON MT NEWTON,1993-05-04 00:00:00,1016RM0,,BC,,
-123.42722222222223,48.5975,SAANICHTON MT NEWTON,2020-06-06 00:00:00,1016RM0,,BC,,
-123.42722222222223,48.5975,SAANICHTON MT NEWTON,1988-12-23 00:00:00,1016RM0,,BC,,
-123.42722222222223,48.5975,SAANICHTON MT NEWTON,2020-11-22 00:00:00,1016RM0,,BC,,
-123.42722222222223,48.5975,SAANICHTON MT NEWTON,1987-12-17 00:00:00,1016RM0,,BC,,
-123.42722222222223,48.5975,SAANICHTON MT NEWTON,2001-09-25 00:00:00,1016RM0,,BC,,
-123.42722222222223,48.5975,SAANICHTON MT NEWTON,2012-12-06 00:00:00,1016RM0,,BC,,
-123.42722222222223,48.5975,SAANICHTON MT NEWTON,1994-03-29 00:00:00,1016RM0,,BC,,
-123.42722222222223,48.5975,SAANICHTON MT NEWTON,1994-02-27 00:00:00,1016RM0,,BC,,
-123.42722222222223,48.5975,SAANICHTON MT NEWTON,1999-10-05 00:00:00,1016RM0,,BC,,
-123.42722222222223,48.5975,SAANICHTON MT NEWTON,2005-10-14 00:00:00,1016RM0,,BC,,
-123.42722222222223,48.5975,SAANICHTON MT NEWTON,2021-12-25 00:00:00,1016RM0,,BC,,
-123.42722222222223,48.5975,SAANICHTON MT NEWTON,2006-12-30 00:00:00,1016RM0,,BC,,
-123.42722222222223,48.5975,SAANICHTON MT NEWTON,2002-01-07 00:00:00,1016RM0,,BC,,
-123.42722222222223,48.5975,SAANICHTON MT NEWTON,1998-09-22 00:00:00,1016RM0,,BC,,
-123.42722222222223,48.5975,SAANICHTON MT NEWTON,2022-04-20 00:00:00,1016RM0,,BC,,
-123.42722222222223,48.5975,SAANICHTON MT NEWTON,2001-01-10 00:00:00,1016RM0,,BC,,
-123.42722222222223,48.5975,SAANICHTON MT NEWTON,2016-10-13 00:00:00,1016RM0,,BC,,
-123.42722222222223,48.5975,SAANICHTON MT NEWTON,2000-08-08 00:00:00,1016RM0,,BC,,
-123.42722222222223,48.5975,SAANICHTON MT NEWTON,1996-11-09 00:00:00,1016RM0,,BC,,
-123.42722222222223,48.5975,SAANICHTON MT NEWTON,1991-05-19 00:00:00,1016RM0,,BC,,
-123.42722222222223,48.5975,SAANICHTON MT NEWTON,1996-11-18 00:00:00,1016RM0,,BC,,
-123.42722222222223,48.5975,SAANICHTON MT NEWTON,2015-12-10 00:00:00,1016RM0,,BC,,
-123.42722222222223,48.5975,SAANICHTON MT NEWTON,2020-08-08 00:00:00,1016RM0,,BC,,
-123.42722222222223,48.5975,SAANICHTON MT NEWTON,1996-04-27 00:00:00,1016RM0,,BC,,
-123.42722222222223,48.5975,SAANICHTON MT NEWTON,2001-05-13 00:00:00,1016RM0,,BC,,
-123.42722222222223,48.5975,SAANICHTON MT NEWTON,1996-07-07 00:00:00,1016RM0,,BC,,
-123.42722222222223,48.5975,SAANICHTON MT NEWTON,2020-03-27 00:00:00,1016RM0,,BC,,
-123.42722222222223,48.5975,SAANICHTON MT NEWTON,1990-01-01 00:00:00,1016RM0,,BC,,
-123.42722222222223,48.5975,SAANICHTON MT NEWTON,2006-01-19 00:00:00,1016RM0,,BC,,
-123.42722222222223,48.5975,SAANICHTON MT NEWTON,1996-03-08 00:00:00,1016RM0,,BC,,
-123.42722222222223,48.5975,SAANICHTON MT NEWTON,2009-03-01 00:00:00,1016RM0,,BC,,
-123.42722222222223,48.5975,SAANICHTON MT NEWTON,2004-04-10 00:00:00,1016RM0,,BC,,
-123.42722222222223,48.5975,SAANICHTON MT NEWTON,2000-09-27 00:00:00,1016RM0,,BC,,
-123.42722222222223,48.5975,SAANICHTON MT NEWTON,1993-03-01 00:00:00,1016RM0,,BC,,
-123.42722222222223,48.5975,SAANICHTON MT NEWTON,2020-08-26 00:00:00,1016RM0,,BC,,
-123.42722222222223,48.5975,SAANICHTON MT NEWTON,1994-03-16 00:00:00,1016RM0,,BC,,
-123.42722222222223,48.5975,SAANICHTON MT NEWTON,2005-10-10 00:00:00,1016RM0,,BC,,
-123.42722222222223,48.5975,SAANICHTON MT NEWTON,2006-11-22 00:00:00,1016RM0,,BC,,
-123.42722222222223,48.5975,SAANICHTON MT NEWTON,2001-04-09 00:00:00,1016RM0,,BC,,
-123.42722222222223,48.5975,SAANICHTON MT NEWTON,2006-05-12 00:00:00,1016RM0,,BC,,
-123.42722222222223,48.5975,SAANICHTON MT NEWTON,1995-07-24 00:00:00,1016RM0,,BC,,
-123.42722222222223,48.5975,SAANICHTON MT NEWTON,1992-04-22 00:00:00,1016RM0,,BC,,
-123.42722222222223,48.5975,SAANICHTON MT NEWTON,2022-03-25 00:00:00,1016RM0,,BC,,
-123.42722222222223,48.5975,SAANICHTON MT NEWTON,1997-08-17 00:00:00,1016RM0,,BC,,
-123.42722222222223,48.5975,SAANICHTON MT NEWTON,1997-03-19 00:00:00,1016RM0,,BC,,
-123.42722222222223,48.5975,SAANICHTON MT NEWTON,1993-04-04 00:00:00,1016RM0,,BC,,
-123.42722222222223,48.5975,SAANICHTON MT NEWTON,1988-08-18 00:00:00,1016RM0,,BC,,
-123.42722222222223,48.5975,SAANICHTON MT NEWTON,2001-02-17 00:00:00,1016RM0,,BC,,
-123.42722222222223,48.5975,SAANICHTON MT NEWTON,1996-04-02 00:00:00,1016RM0,,BC,,
-123.42722222222223,48.5975,SAANICHTON MT NEWTON,1992-05-28 00:00:00,1016RM0,,BC,,
-123.42722222222223,48.5975,SAANICHTON MT NEWTON,2002-01-31 00:00:00,1016RM0,,BC,,
-123.42722222222223,48.5975,SAANICHTON MT NEWTON,2006-04-23 00:00:00,1016RM0,,BC,,
-123.42722222222223,48.5975,SAANICHTON MT NEWTON,1995-02-03 00:00:00,1016RM0,,BC,,
-123.42722222222223,48.5975,SAANICHTON MT NEWTON,2006-07-28 00:00:00,1016RM0,,BC,,
-123.42722222222223,48.5975,SAANICHTON MT NEWTON,2004-02-06 00:00:00,1016RM0,,BC,,
-123.42722222222223,48.5975,SAANICHTON MT NEWTON,2001-01-04 00:00:00,1016RM0,,BC,,
-123.42722222222223,48.5975,SAANICHTON MT NEWTON,1992-04-24 00:00:00,1016RM0,,BC,,
-123.42722222222223,48.5975,SAANICHTON MT NEWTON,2007-10-19 00:00:00,1016RM0,,BC,,
-123.42722222222223,48.5975,SAANICHTON MT NEWTON,1994-10-30 00:00:00,1016RM0,,BC,,
-123.42722222222223,48.5975,SAANICHTON MT NEWTON,2002-06-19 00:00:00,1016RM0,,BC,,
-123.42722222222223,48.5975,SAANICHTON MT NEWTON,2003-04-26 00:00:00,1016RM0,,BC,,
-123.42722222222223,48.5975,SAANICHTON MT NEWTON,2007-05-16 00:00:00,1016RM0,,BC,,
-123.42722222222223,48.5975,SAANICHTON MT NEWTON,2000-04-19 00:00:00,1016RM0,,BC,,
-123.42722222222223,48.5975,SAANICHTON MT NEWTON,1997-12-27 00:00:00,1016RM0,,BC,,
-123.42722222222223,48.5975,SAANICHTON MT NEWTON,2005-07-04 00:00:00,1016RM0,,BC,,
-123.42722222222223,48.5975,SAANICHTON MT NEWTON,1998-07-11 00:00:00,1016RM0,,BC,,
-123.42722222222223,48.5975,SAANICHTON MT NEWTON,2007-03-08 00:00:00,1016RM0,,BC,,
-123.42722222222223,48.5975,SAANICHTON MT NEWTON,1997-03-18 00:00:00,1016RM0,,BC,,
-123.42722222222223,48.5975,SAANICHTON MT NEWTON,1987-07-14 00:00:00,1016RM0,,BC,,
-123.42722222222223,48.5975,SAANICHTON MT NEWTON,1998-10-11 00:00:00,1016RM0,,BC,,
-123.42722222222223,48.5975,SAANICHTON MT NEWTON,2005-07-03 00:00:00,1016RM0,,BC,,
-123.42722222222223,48.5975,SAANICHTON MT NEWTON,2007-07-03 00:00:00,1016RM0,,BC,,
-123.42722222222223,48.5975,SAANICHTON MT NEWTON,1989-02-13 00:00:00,1016RM0,,BC,,
-123.42722222222223,48.5975,SAANICHTON MT NEWTON,1990-03-20 00:00:00,1016RM0,,BC,,
-123.42722222222223,48.5975,SAANICHTON MT NEWTON,2006-12-06 00:00:00,1016RM0,,BC,,
-123.42722222222223,48.5975,SAANICHTON MT NEWTON,1993-10-02 00:00:00,1016RM0,,BC,,
-123.42722222222223,48.5975,SAANICHTON MT NEWTON,1991-07-29 00:00:00,1016RM0,,BC,,
-123.42722222222223,48.5975,SAANICHTON MT NEWTON,1993-03-29 00:00:00,1016RM0,,BC,,
-123.42722222222223,48.5975,SAANICHTON MT NEWTON,1994-12-22 00:00:00,1016RM0,,BC,,
-123.42722222222223,48.5975,SAANICHTON MT NEWTON,2021-11-30 00:00:00,1016RM0,,BC,,
-123.42722222222223,48.5975,SAANICHTON MT NEWTON,1997-08-08 00:00:00,1016RM0,,BC,,
-123.42722222222223,48.5975,SAANICHTON MT NEWTON,2016-11-10 00:00:00,1016RM0,,BC,,
-123.42722222222223,48.5975,SAANICHTON MT NEWTON,1988-06-21 00:00:00,1016RM0,,BC,,
-123.42722222222223,48.5975,SAANICHTON MT NEWTON,2022-04-15 00:00:00,1016RM0,,BC,,
-123.42722222222223,48.5975,SAANICHTON MT NEWTON,2021-06-14 00:00:00,1016RM0,,BC,,
-123.42722222222223,48.5975,SAANICHTON MT NEWTON,1992-04-07 00:00:00,1016RM0,,BC,,
-123.42722222222223,48.5975,SAANICHTON MT NEWTON,1988-12-06 00:00:00,1016RM0,,BC,,
-123.42722222222223,48.5975,SAANICHTON MT NEWTON,2002-09-25 00:00:00,1016RM0,,BC,,
-123.42722222222223,48.5975,SAANICHTON MT NEWTON,1998-02-24 00:00:00,1016RM0,,BC,,
-123.42722222222223,48.5975,SAANICHTON MT NEWTON,1994-04-13 00:00:00,1016RM0,,BC,,
-123.42722222222223,48.5975,SAANICHTON MT NEWTON,1990-04-28 00:00:00,1016RM0,,BC,,
-123.42722222222223,48.5975,SAANICHTON MT NEWTON,1988-03-20 00:00:00,1016RM0,,BC,,
-123.42722222222223,48.5975,SAANICHTON MT NEWTON,2012-10-29 00:00:00,1016RM0,,BC,,
-123.42722222222223,48.5975,SAANICHTON MT NEWTON,1992-12-21 00:00:00,1016RM0,,BC,,
-123.42722222222223,48.5975,SAANICHTON MT NEWTON,2018-12-17 00:00:00,1016RM0,,BC,,
-123.42722222222223,48.5975,SAANICHTON MT NEWTON,1987-12-04 00:00:00,1016RM0,,BC,,
-123.42722222222223,48.5975,SAANICHTON MT NEWTON,1991-10-16 00:00:00,1016RM0,,BC,,
-123.42722222222223,48.5975,SAANICHTON MT NEWTON,2005-12-18 00:00:00,1016RM0,,BC,,
-123.42722222222223,48.5975,SAANICHTON MT NEWTON,1995-08-28 00:00:00,1016RM0,,BC,,
-123.42722222222223,48.5975,SAANICHTON MT NEWTON,2014-09-25 00:00:00,1016RM0,,BC,,
-123.42722222222223,48.5975,SAANICHTON MT NEWTON,1991-05-01 00:00:00,1016RM0,,BC,,
-123.42722222222223,48.5975,SAANICHTON MT NEWTON,2000-07-25 00:00:00,1016RM0,,BC,,
-123.42722222222223,48.5975,SAANICHTON MT NEWTON,2004-10-13 00:00:00,1016RM0,,BC,,
-123.42722222222223,48.5975,SAANICHTON MT NEWTON,1993-08-02 00:00:00,1016RM0,,BC,,
-123.42722222222223,48.5975,SAANICHTON MT NEWTON,1993-06-10 00:00:00,1016RM0,,BC,,
-123.42722222222223,48.5975,SAANICHTON MT NEWTON,2002-07-23 00:00:00,1016RM0,,BC,,
-123.42722222222223,48.5975,SAANICHTON MT NEWTON,2009-05-06 00:00:00,1016RM0,,BC,,
-123.42722222222223,48.5975,SAANICHTON MT NEWTON,1996-02-10 00:00:00,1016RM0,,BC,,
-123.42722222222223,48.5975,SAANICHTON MT NEWTON,1990-12-01 00:00:00,1016RM0,,BC,,
-123.42722222222223,48.5975,SAANICHTON MT NEWTON,2007-07-17 00:00:00,1016RM0,,BC,,
-123.42722222222223,48.5975,SAANICHTON MT NEWTON,2004-05-24 00:00:00,1016RM0,,BC,,
-123.42722222222223,48.5975,SAANICHTON MT NEWTON,2005-06-08 00:00:00,1016RM0,,BC,,
-123.42722222222223,48.5975,SAANICHTON MT NEWTON,1991-04-12 00:00:00,1016RM0,,BC,,
-123.42722222222223,48.5975,SAANICHTON MT NEWTON,1987-04-18 00:00:00,1016RM0,,BC,,
-123.42722222222223,48.5975,SAANICHTON MT NEWTON,1991-08-24 00:00:00,1016RM0,,BC,,
-123.42722222222223,48.5975,SAANICHTON MT NEWTON,2018-02-22 00:00:00,1016RM0,,BC,,
-123.42722222222223,48.5975,SAANICHTON MT NEWTON,2001-07-12 00:00:00,1016RM0,,BC,,
-123.42722222222223,48.5975,SAANICHTON MT NEWTON,1999-08-14 00:00:00,1016RM0,,BC,,
-123.42722222222223,48.5975,SAANICHTON MT NEWTON,2007-09-09 00:00:00,1016RM0,,BC,,
-123.42722222222223,48.5975,SAANICHTON MT NEWTON,1989-02-11 00:00:00,1016RM0,,BC,,
-123.42722222222223,48.5975,SAANICHTON MT NEWTON,1990-09-30 00:00:00,1016RM0,,BC,,
-123.42722222222223,48.5975,SAANICHTON MT NEWTON,1991-04-25 00:00:00,1016RM0,,BC,,
-123.42722222222223,48.5975,SAANICHTON MT NEWTON,1991-06-18 00:00:00,1016RM0,,BC,,
-123.42722222222223,48.5975,SAANICHTON MT NEWTON,1991-10-01 00:00:00,1016RM0,,BC,,
-123.42722222222223,48.5975,SAANICHTON MT NEWTON,2005-12-03 00:00:00,1016RM0,,BC,,
-123.42722222222223,48.5975,SAANICHTON MT NEWTON,2004-10-26 00:00:00,1016RM0,,BC,,
-123.42722222222223,48.5975,SAANICHTON MT NEWTON,1992-08-09 00:00:00,1016RM0,,BC,,
-123.42722222222223,48.5975,SAANICHTON MT NEWTON,2002-03-20 00:00:00,1016RM0,,BC,,
-123.42722222222223,48.5975,SAANICHTON MT NEWTON,1999-09-30 00:00:00,1016RM0,,BC,,
-123.42722222222223,48.5975,SAANICHTON MT NEWTON,2015-09-24 00:00:00,1016RM0,,BC,,
-123.42722222222223,48.5975,SAANICHTON MT NEWTON,1997-08-14 00:00:00,1016RM0,,BC,,
-123.42722222222223,48.5975,SAANICHTON MT NEWTON,1988-01-04 00:00:00,1016RM0,,BC,,
-123.42722222222223,48.5975,SAANICHTON MT NEWTON,1992-10-06 00:00:00,1016RM0,,BC,,
-123.42722222222223,48.5975,SAANICHTON MT NEWTON,2022-08-31 00:00:00,1016RM0,,BC,,
-123.42722222222223,48.5975,SAANICHTON MT NEWTON,2004-03-15 00:00:00,1016RM0,,BC,,
-123.42722222222223,48.5975,SAANICHTON MT NEWTON,1997-02-19 00:00:00,1016RM0,,BC,,
-123.42722222222223,48.5975,SAANICHTON MT NEWTON,2003-09-28 00:00:00,1016RM0,,BC,,
-123.42722222222223,48.5975,SAANICHTON MT NEWTON,2006-03-17 00:00:00,1016RM0,,BC,,
-123.42722222222223,48.5975,SAANICHTON MT NEWTON,2000-05-12 00:00:00,1016RM0,,BC,,
-123.42722222222223,48.5975,SAANICHTON MT NEWTON,1992-08-22 00:00:00,1016RM0,,BC,,
-123.42722222222223,48.5975,SAANICHTON MT NEWTON,1992-10-09 00:00:00,1016RM0,,BC,,
-123.42722222222223,48.5975,SAANICHTON MT NEWTON,1997-10-02 00:00:00,1016RM0,,BC,,
-123.42722222222223,48.5975,SAANICHTON MT NEWTON,2005-02-19 00:00:00,1016RM0,,BC,,
-123.42722222222223,48.5975,SAANICHTON MT NEWTON,2002-09-30 00:00:00,1016RM0,,BC,,
-123.42722222222223,48.5975,SAANICHTON MT NEWTON,1990-01-27 00:00:00,1016RM0,,BC,,
-123.42722222222223,48.5975,SAANICHTON MT NEWTON,2019-11-18 00:00:00,1016RM0,,BC,,
-123.42722222222223,48.5975,SAANICHTON MT NEWTON,2005-01-07 00:00:00,1016RM0,,BC,,
-123.42722222222223,48.5975,SAANICHTON MT NEWTON,2005-06-12 00:00:00,1016RM0,,BC,,
-123.42722222222223,48.5975,SAANICHTON MT NEWTON,1987-05-11 00:00:00,1016RM0,,BC,,
-123.42722222222223,48.5975,SAANICHTON MT NEWTON,1997-09-28 00:00:00,1016RM0,,BC,,
-123.42722222222223,48.5975,SAANICHTON MT NEWTON,2005-06-26 00:00:00,1016RM0,,BC,,
-123.42722222222223,48.5975,SAANICHTON MT NEWTON,1996-10-18 00:00:00,1016RM0,,BC,,
-123.42722222222223,48.5975,SAANICHTON MT NEWTON,1990-03-30 00:00:00,1016RM0,,BC,,
-123.42722222222223,48.5975,SAANICHTON MT NEWTON,1990-01-03 00:00:00,1016RM0,,BC,,
-123.42722222222223,48.5975,SAANICHTON MT NEWTON,2005-08-21 00:00:00,1016RM0,,BC,,
-123.42722222222223,48.5975,SAANICHTON MT NEWTON,2002-04-28 00:00:00,1016RM0,,BC,,
-123.42722222222223,48.5975,SAANICHTON MT NEWTON,2013-01-09 00:00:00,1016RM0,,BC,,
-123.42722222222223,48.5975,SAANICHTON MT NEWTON,2012-12-16 00:00:00,1016RM0,,BC,,
-123.42722222222223,48.5975,SAANICHTON MT NEWTON,2021-11-06 00:00:00,1016RM0,,BC,,
-123.42722222222223,48.5975,SAANICHTON MT NEWTON,2010-07-03 00:00:00,1016RM0,,BC,,
-123.42722222222223,48.5975,SAANICHTON MT NEWTON,1994-05-27 00:00:00,1016RM0,,BC,,
-123.42722222222223,48.5975,SAANICHTON MT NEWTON,2020-05-24 00:00:00,1016RM0,,BC,,
-123.42722222222223,48.5975,SAANICHTON MT NEWTON,2001-07-24 00:00:00,1016RM0,,BC,,
-123.42722222222223,48.5975,SAANICHTON MT NEWTON,2002-04-08 00:00:00,1016RM0,,BC,,
-123.42722222222223,48.5975,SAANICHTON MT NEWTON,1998-05-12 00:00:00,1016RM0,,BC,,
-123.42722222222223,48.5975,SAANICHTON MT NEWTON,2000-07-12 00:00:00,1016RM0,,BC,,
-123.42722222222223,48.5975,SAANICHTON MT NEWTON,1992-07-08 00:00:00,1016RM0,,BC,,
-123.42722222222223,48.5975,SAANICHTON MT NEWTON,2022-07-28 00:00:00,1016RM0,,BC,,
-123.42722222222223,48.5975,SAANICHTON MT NEWTON,1993-06-08 00:00:00,1016RM0,,BC,,
-123.42722222222223,48.5975,SAANICHTON MT NEWTON,1999-03-14 00:00:00,1016RM0,,BC,,
-123.42722222222223,48.5975,SAANICHTON MT NEWTON,1993-05-15 00:00:00,1016RM0,,BC,,
-123.42722222222223,48.5975,SAANICHTON MT NEWTON,2003-02-10 00:00:00,1016RM0,,BC,,
-123.42722222222223,48.5975,SAANICHTON MT NEWTON,2021-05-01 00:00:00,1016RM0,,BC,,
-123.42722222222223,48.5975,SAANICHTON MT NEWTON,2000-08-23 00:00:00,1016RM0,,BC,,
-123.42722222222223,48.5975,SAANICHTON MT NEWTON,2005-07-12 00:00:00,1016RM0,,BC,,
-123.42722222222223,48.5975,SAANICHTON MT NEWTON,2004-08-07 00:00:00,1016RM0,,BC,,
-123.42722222222223,48.5975,SAANICHTON MT NEWTON,2002-04-13 00:00:00,1016RM0,,BC,,
-123.42722222222223,48.5975,SAANICHTON MT NEWTON,2020-08-02 00:00:00,1016RM0,,BC,,
-123.42722222222223,48.5975,SAANICHTON MT NEWTON,1997-11-02 00:00:00,1016RM0,,BC,,
-123.42722222222223,48.5975,SAANICHTON MT NEWTON,2003-09-20 00:00:00,1016RM0,,BC,,
-123.42722222222223,48.5975,SAANICHTON MT NEWTON,1989-07-10 00:00:00,1016RM0,,BC,,
-123.42722222222223,48.5975,SAANICHTON MT NEWTON,1997-11-20 00:00:00,1016RM0,,BC,,
-123.42722222222223,48.5975,SAANICHTON MT NEWTON,2000-06-14 00:00:00,1016RM0,,BC,,
-123.42722222222223,48.5975,SAANICHTON MT NEWTON,1991-10-14 00:00:00,1016RM0,,BC,,
-123.42722222222223,48.5975,SAANICHTON MT NEWTON,1997-12-12 00:00:00,1016RM0,,BC,,
-123.42722222222223,48.5975,SAANICHTON MT NEWTON,1998-04-24 00:00:00,1016RM0,,BC,,
-123.42722222222223,48.5975,SAANICHTON MT NEWTON,2004-03-10 00:00:00,1016RM0,,BC,,
-123.42722222222223,48.5975,SAANICHTON MT NEWTON,1988-10-10 00:00:00,1016RM0,,BC,,
-123.42722222222223,48.5975,SAANICHTON MT NEWTON,1987-08-14 00:00:00,1016RM0,,BC,,
-123.42722222222223,48.5975,SAANICHTON MT NEWTON,2017-03-10 00:00:00,1016RM0,,BC,,
-123.42722222222223,48.5975,SAANICHTON MT NEWTON,2001-03-02 00:00:00,1016RM0,,BC,,
-123.42722222222223,48.5975,SAANICHTON MT NEWTON,1993-05-29 00:00:00,1016RM0,,BC,,
-123.42722222222223,48.5975,SAANICHTON MT NEWTON,2002-05-10 00:00:00,1016RM0,,BC,,
-123.42722222222223,48.5975,SAANICHTON MT NEWTON,1989-03-21 00:00:00,1016RM0,,BC,,
-123.42722222222223,48.5975,SAANICHTON MT NEWTON,1991-01-12 00:00:00,1016RM0,,BC,,
-123.42722222222223,48.5975,SAANICHTON MT NEWTON,2018-03-18 00:00:00,1016RM0,,BC,,
-123.42722222222223,48.5975,SAANICHTON MT NEWTON,1992-03-26 00:00:00,1016RM0,,BC,,
-123.42722222222223,48.5975,SAANICHTON MT NEWTON,2019-06-19 00:00:00,1016RM0,,BC,,
-123.42722222222223,48.5975,SAANICHTON MT NEWTON,1997-10-18 00:00:00,1016RM0,,BC,,
-123.42722222222223,48.5975,SAANICHTON MT NEWTON,1996-04-23 00:00:00,1016RM0,,BC,,
-123.42722222222223,48.5975,SAANICHTON MT NEWTON,1989-04-27 00:00:00,1016RM0,,BC,,
-123.42722222222223,48.5975,SAANICHTON MT NEWTON,1996-02-11 00:00:00,1016RM0,,BC,,
-123.42722222222223,48.5975,SAANICHTON MT NEWTON,1989-07-11 00:00:00,1016RM0,,BC,,
-123.42722222222223,48.5975,SAANICHTON MT NEWTON,1989-09-18 00:00:00,1016RM0,,BC,,
-123.42722222222223,48.5975,SAANICHTON MT NEWTON,2009-11-06 00:00:00,1016RM0,,BC,,
-123.42722222222223,48.5975,SAANICHTON MT NEWTON,2017-02-08 00:00:00,1016RM0,,BC,,
-123.42722222222223,48.5975,SAANICHTON MT NEWTON,2022-10-01 00:00:00,1016RM0,,BC,,
-123.42722222222223,48.5975,SAANICHTON MT NEWTON,1993-05-14 00:00:00,1016RM0,,BC,,
-123.42722222222223,48.5975,SAANICHTON MT NEWTON,2000-07-13 00:00:00,1016RM0,,BC,,
-123.42722222222223,48.5975,SAANICHTON MT NEWTON,2020-02-15 00:00:00,1016RM0,,BC,,
-123.42722222222223,48.5975,SAANICHTON MT NEWTON,2015-03-30 00:00:00,1016RM0,,BC,,
-123.42722222222223,48.5975,SAANICHTON MT NEWTON,1995-12-19 00:00:00,1016RM0,,BC,,
-123.42722222222223,48.5975,SAANICHTON MT NEWTON,1990-11-12 00:00:00,1016RM0,,BC,,
-123.42722222222223,48.5975,SAANICHTON MT NEWTON,1993-01-15 00:00:00,1016RM0,,BC,,
-123.42722222222223,48.5975,SAANICHTON MT NEWTON,2000-09-20 00:00:00,1016RM0,,BC,,
-123.42722222222223,48.5975,SAANICHTON MT NEWTON,1990-05-20 00:00:00,1016RM0,,BC,,
-123.42722222222223,48.5975,SAANICHTON MT NEWTON,1997-12-01 00:00:00,1016RM0,,BC,,
-123.42722222222223,48.5975,SAANICHTON MT NEWTON,2001-08-06 00:00:00,1016RM0,,BC,,
-123.42722222222223,48.5975,SAANICHTON MT NEWTON,1994-04-22 00:00:00,1016RM0,,BC,,
-123.42722222222223,48.5975,SAANICHTON MT NEWTON,1987-08-19 00:00:00,1016RM0,,BC,,
-123.42722222222223,48.5975,SAANICHTON MT NEWTON,1989-05-06 00:00:00,1016RM0,,BC,,
-123.42722222222223,48.5975,SAANICHTON MT NEWTON,2005-04-21 00:00:00,1016RM0,,BC,,
-123.42722222222223,48.5975,SAANICHTON MT NEWTON,2006-12-07 00:00:00,1016RM0,,BC,,
-123.42722222222223,48.5975,SAANICHTON MT NEWTON,2007-08-15 00:00:00,1016RM0,,BC,,
-123.42722222222223,48.5975,SAANICHTON MT NEWTON,2015-06-02 00:00:00,1016RM0,,BC,,
-123.42722222222223,48.5975,SAANICHTON MT NEWTON,2007-04-24 00:00:00,1016RM0,,BC,,
-123.42722222222223,48.5975,SAANICHTON MT NEWTON,1989-02-17 00:00:00,1016RM0,,BC,,
-123.42722222222223,48.5975,SAANICHTON MT NEWTON,2002-07-12 00:00:00,1016RM0,,BC,,
-123.42722222222223,48.5975,SAANICHTON MT NEWTON,2020-08-31 00:00:00,1016RM0,,BC,,
-123.42722222222223,48.5975,SAANICHTON MT NEWTON,1995-01-17 00:00:00,1016RM0,,BC,,
-123.42722222222223,48.5975,SAANICHTON MT NEWTON,2001-05-20 00:00:00,1016RM0,,BC,,
-123.42722222222223,48.5975,SAANICHTON MT NEWTON,2002-02-15 00:00:00,1016RM0,,BC,,
-123.42722222222223,48.5975,SAANICHTON MT NEWTON,2005-01-14 00:00:00,1016RM0,,BC,,
-123.42722222222223,48.5975,SAANICHTON MT NEWTON,2015-10-13 00:00:00,1016RM0,,BC,,
-123.42722222222223,48.5975,SAANICHTON MT NEWTON,1993-04-02 00:00:00,1016RM0,,BC,,
-123.42722222222223,48.5975,SAANICHTON MT NEWTON,1997-04-22 00:00:00,1016RM0,,BC,,
-123.42722222222223,48.5975,SAANICHTON MT NEWTON,1999-03-21 00:00:00,1016RM0,,BC,,
-123.42722222222223,48.5975,SAANICHTON MT NEWTON,2006-06-24 00:00:00,1016RM0,,BC,,
-123.42722222222223,48.5975,SAANICHTON MT NEWTON,2006-02-23 00:00:00,1016RM0,,BC,,
-123.42722222222223,48.5975,SAANICHTON MT NEWTON,2020-07-27 00:00:00,1016RM0,,BC,,
-123.42722222222223,48.5975,SAANICHTON MT NEWTON,2022-01-17 00:00:00,1016RM0,,BC,,
-123.42722222222223,48.5975,SAANICHTON MT NEWTON,1987-10-18 00:00:00,1016RM0,,BC,,
-123.42722222222223,48.5975,SAANICHTON MT NEWTON,1993-01-19 00:00:00,1016RM0,,BC,,
-123.42722222222223,48.5975,SAANICHTON MT NEWTON,1996-05-11 00:00:00,1016RM0,,BC,,
-123.42722222222223,48.5975,SAANICHTON MT NEWTON,2003-02-16 00:00:00,1016RM0,,BC,,
-123.42722222222223,48.5975,SAANICHTON MT NEWTON,2002-05-20 00:00:00,1016RM0,,BC,,
-123.42722222222223,48.5975,SAANICHTON MT NEWTON,1990-03-02 00:00:00,1016RM0,,BC,,
-123.42722222222223,48.5975,SAANICHTON MT NEWTON,2022-05-18 00:00:00,1016RM0,,BC,,
-123.42722222222223,48.5975,SAANICHTON MT NEWTON,2001-02-04 00:00:00,1016RM0,,BC,,
-123.42722222222223,48.5975,SAANICHTON MT NEWTON,1991-07-20 00:00:00,1016RM0,,BC,,
-123.42722222222223,48.5975,SAANICHTON MT NEWTON,2000-10-29 00:00:00,1016RM0,,BC,,
-123.42722222222223,48.5975,SAANICHTON MT NEWTON,2000-06-27 00:00:00,1016RM0,,BC,,
-123.42722222222223,48.5975,SAANICHTON MT NEWTON,2020-07-18 00:00:00,1016RM0,,BC,,
-123.42722222222223,48.5975,SAANICHTON MT NEWTON,2002-11-14 00:00:00,1016RM0,,BC,,
-123.42722222222223,48.5975,SAANICHTON MT NEWTON,1989-01-28 00:00:00,1016RM0,,BC,,
-123.42722222222223,48.5975,SAANICHTON MT NEWTON,2010-04-02 00:00:00,1016RM0,,BC,,
-123.42722222222223,48.5975,SAANICHTON MT NEWTON,1998-06-17 00:00:00,1016RM0,,BC,,
-123.42722222222223,48.5975,SAANICHTON MT NEWTON,1993-01-30 00:00:00,1016RM0,,BC,,
-123.42722222222223,48.5975,SAANICHTON MT NEWTON,1996-12-11 00:00:00,1016RM0,,BC,,
-123.42722222222223,48.5975,SAANICHTON MT NEWTON,2004-12-04 00:00:00,1016RM0,,BC,,
-123.42722222222223,48.5975,SAANICHTON MT NEWTON,1996-09-10 00:00:00,1016RM0,,BC,,
-123.42722222222223,48.5975,SAANICHTON MT NEWTON,2010-11-15 00:00:00,1016RM0,,BC,,
-123.42722222222223,48.5975,SAANICHTON MT NEWTON,1992-02-09 00:00:00,1016RM0,,BC,,
-123.42722222222223,48.5975,SAANICHTON MT NEWTON,2002-05-05 00:00:00,1016RM0,,BC,,
-123.42722222222223,48.5975,SAANICHTON MT NEWTON,1999-02-07 00:00:00,1016RM0,,BC,,
-123.42722222222223,48.5975,SAANICHTON MT NEWTON,2004-01-15 00:00:00,1016RM0,,BC,,
-123.42722222222223,48.5975,SAANICHTON MT NEWTON,2006-08-02 00:00:00,1016RM0,,BC,,
-123.42722222222223,48.5975,SAANICHTON MT NEWTON,1988-06-24 00:00:00,1016RM0,,BC,,
-123.42722222222223,48.5975,SAANICHTON MT NEWTON,1992-09-09 00:00:00,1016RM0,,BC,,
-123.42722222222223,48.5975,SAANICHTON MT NEWTON,2022-06-29 00:00:00,1016RM0,,BC,,
-123.42722222222223,48.5975,SAANICHTON MT NEWTON,2020-09-12 00:00:00,1016RM0,,BC,,
-123.42722222222223,48.5975,SAANICHTON MT NEWTON,1997-12-20 00:00:00,1016RM0,,BC,,
-123.42722222222223,48.5975,SAANICHTON MT NEWTON,1990-12-16 00:00:00,1016RM0,,BC,,
-123.42722222222223,48.5975,SAANICHTON MT NEWTON,2000-03-11 00:00:00,1016RM0,,BC,,
-123.42722222222223,48.5975,SAANICHTON MT NEWTON,1990-04-14 00:00:00,1016RM0,,BC,,
-123.42722222222223,48.5975,SAANICHTON MT NEWTON,1989-08-23 00:00:00,1016RM0,,BC,,
-123.42722222222223,48.5975,SAANICHTON MT NEWTON,2002-03-12 00:00:00,1016RM0,,BC,,
-123.42722222222223,48.5975,SAANICHTON MT NEWTON,2005-07-08 00:00:00,1016RM0,,BC,,
-123.42722222222223,48.5975,SAANICHTON MT NEWTON,1995-11-26 00:00:00,1016RM0,,BC,,
-123.42722222222223,48.5975,SAANICHTON MT NEWTON,1995-08-20 00:00:00,1016RM0,,BC,,
-123.42722222222223,48.5975,SAANICHTON MT NEWTON,1987-10-21 00:00:00,1016RM0,,BC,,
-123.42722222222223,48.5975,SAANICHTON MT NEWTON,2010-01-04 00:00:00,1016RM0,,BC,,
-123.42722222222223,48.5975,SAANICHTON MT NEWTON,1997-10-15 00:00:00,1016RM0,,BC,,
-123.42722222222223,48.5975,SAANICHTON MT NEWTON,1996-07-29 00:00:00,1016RM0,,BC,,
-123.42722222222223,48.5975,SAANICHTON MT NEWTON,2011-01-15 00:00:00,1016RM0,,BC,,
-123.42722222222223,48.5975,SAANICHTON MT NEWTON,1990-04-13 00:00:00,1016RM0,,BC,,
-123.42722222222223,48.5975,SAANICHTON MT NEWTON,1994-07-12 00:00:00,1016RM0,,BC,,
-123.42722222222223,48.5975,SAANICHTON MT NEWTON,1995-03-28 00:00:00,1016RM0,,BC,,
-123.42722222222223,48.5975,SAANICHTON MT NEWTON,2006-02-17 00:00:00,1016RM0,,BC,,
-123.42722222222223,48.5975,SAANICHTON MT NEWTON,1991-01-04 00:00:00,1016RM0,,BC,,
-123.42722222222223,48.5975,SAANICHTON MT NEWTON,2020-04-06 00:00:00,1016RM0,,BC,,
-123.42722222222223,48.5975,SAANICHTON MT NEWTON,1997-08-07 00:00:00,1016RM0,,BC,,
-123.42722222222223,48.5975,SAANICHTON MT NEWTON,2000-06-26 00:00:00,1016RM0,,BC,,
-123.42722222222223,48.5975,SAANICHTON MT NEWTON,1989-07-31 00:00:00,1016RM0,,BC,,
-123.42722222222223,48.5975,SAANICHTON MT NEWTON,1988-05-20 00:00:00,1016RM0,,BC,,
-123.42722222222223,48.5975,SAANICHTON MT NEWTON,1999-12-21 00:00:00,1016RM0,,BC,,
-123.42722222222223,48.5975,SAANICHTON MT NEWTON,2005-05-05 00:00:00,1016RM0,,BC,,
-123.42722222222223,48.5975,SAANICHTON MT NEWTON,1987-10-26 00:00:00,1016RM0,,BC,,
-123.42722222222223,48.5975,SAANICHTON MT NEWTON,2007-08-26 00:00:00,1016RM0,,BC,,
-123.42722222222223,48.5975,SAANICHTON MT NEWTON,2003-07-05 00:00:00,1016RM0,,BC,,
-123.42722222222223,48.5975,SAANICHTON MT NEWTON,1987-09-07 00:00:00,1016RM0,,BC,,
-123.42722222222223,48.5975,SAANICHTON MT NEWTON,2004-08-05 00:00:00,1016RM0,,BC,,
-123.42722222222223,48.5975,SAANICHTON MT NEWTON,1993-03-02 00:00:00,1016RM0,,BC,,
-123.42722222222223,48.5975,SAANICHTON MT NEWTON,1993-05-12 00:00:00,1016RM0,,BC,,
-123.42722222222223,48.5975,SAANICHTON MT NEWTON,2009-08-10 00:00:00,1016RM0,,BC,,
-123.42722222222223,48.5975,SAANICHTON MT NEWTON,2013-06-22 00:00:00,1016RM0,,BC,,
-123.42722222222223,48.5975,SAANICHTON MT NEWTON,1988-04-06 00:00:00,1016RM0,,BC,,
-123.42722222222223,48.5975,SAANICHTON MT NEWTON,1987-11-17 00:00:00,1016RM0,,BC,,
-123.42722222222223,48.5975,SAANICHTON MT NEWTON,2000-06-05 00:00:00,1016RM0,,BC,,
-123.42722222222223,48.5975,SAANICHTON MT NEWTON,2007-09-02 00:00:00,1016RM0,,BC,,
-123.42722222222223,48.5975,SAANICHTON MT NEWTON,2004-11-24 00:00:00,1016RM0,,BC,,
-123.42722222222223,48.5975,SAANICHTON MT NEWTON,1993-03-04 00:00:00,1016RM0,,BC,,
-123.42722222222223,48.5975,SAANICHTON MT NEWTON,1997-11-11 00:00:00,1016RM0,,BC,,
-123.42722222222223,48.5975,SAANICHTON MT NEWTON,2021-07-11 00:00:00,1016RM0,,BC,,
-123.42722222222223,48.5975,SAANICHTON MT NEWTON,2004-10-29 00:00:00,1016RM0,,BC,,
-123.42722222222223,48.5975,SAANICHTON MT NEWTON,2021-04-26 00:00:00,1016RM0,,BC,,
-123.42722222222223,48.5975,SAANICHTON MT NEWTON,2020-01-11 00:00:00,1016RM0,,BC,,
-123.42722222222223,48.5975,SAANICHTON MT NEWTON,1988-09-11 00:00:00,1016RM0,,BC,,
