Longitude,Latitude,SPEED_MAX_GUST,Province,Name,MEAN_TEMPERATURE,MAX_REL_HUMIDITY,Climate ID,Date,Station ID
-130.22805555555556,67.17916666666666,,NT,LITTLE CHICAGO,,,220B6Q3,1993-09-16 00:00:00,2077
-130.22805555555556,67.17916666666666,0.0,NT,LITTLE CHICAGO,-3.4,,220B6Q3,1993-09-29 00:00:00,2077
-130.22805555555556,67.17916666666666,0.0,NT,LITTLE CHICAGO,18.7,,220B6Q3,1994-07-06 00:00:00,2077
-130.22805555555556,67.17916666666666,0.0,NT,LITTLE CHICAGO,5.2,,220B6Q3,1994-09-06 00:00:00,2077
-130.22805555555556,67.17916666666666,0.0,NT,LITTLE CHICAGO,-0.8,,220B6Q3,1994-09-13 00:00:00,2077
-130.22805555555556,67.17916666666666,0.0,NT,LITTLE CHICAGO,3.4,,220B6Q3,1994-09-16 00:00:00,2077
-130.22805555555556,67.17916666666666,0.0,NT,LITTLE CHICAGO,2.6,,220B6Q3,1994-09-22 00:00:00,2077
-130.22805555555556,67.17916666666666,0.0,NT,LITTLE CHICAGO,-1.9,,220B6Q3,1994-09-26 00:00:00,2077
-130.22805555555556,67.17916666666666,0.0,NT,LITTLE CHICAGO,1.5,,220B6Q3,1994-09-30 00:00:00,2077
-130.22805555555556,67.17916666666666,0.0,NT,LITTLE CHICAGO,0.4,,220B6Q3,1994-10-01 00:00:00,2077
-130.22805555555556,67.17916666666666,0.0,NT,LITTLE CHICAGO,0.9,,220B6Q3,1994-10-02 00:00:00,2077
-130.22805555555556,67.17916666666666,0.0,NT,LITTLE CHICAGO,-0.5,,220B6Q3,1994-10-05 00:00:00,2077
-130.22805555555556,67.17916666666666,0.0,NT,LITTLE CHICAGO,0.2,,220B6Q3,1994-10-06 00:00:00,2077
-130.22805555555556,67.17916666666666,0.0,NT,LITTLE CHICAGO,1.8,,220B6Q3,1994-10-07 00:00:00,2077
-130.22805555555556,67.17916666666666,0.0,NT,LITTLE CHICAGO,1.2,,220B6Q3,1994-10-08 00:00:00,2077
-130.22805555555556,67.17916666666666,0.0,NT,LITTLE CHICAGO,-3.2,,220B6Q3,1994-10-12 00:00:00,2077
-130.22805555555556,67.17916666666666,0.0,NT,LITTLE CHICAGO,-0.2,,220B6Q3,1994-10-13 00:00:00,2077
-130.22805555555556,67.17916666666666,0.0,NT,LITTLE CHICAGO,0.2,,220B6Q3,1994-10-16 00:00:00,2077
-130.22805555555556,67.17916666666666,0.0,NT,LITTLE CHICAGO,-5.5,,220B6Q3,1994-10-20 00:00:00,2077
-130.22805555555556,67.17916666666666,0.0,NT,LITTLE CHICAGO,-8.7,,220B6Q3,1994-10-25 00:00:00,2077
-130.22805555555556,67.17916666666666,0.0,NT,LITTLE CHICAGO,-8.4,,220B6Q3,1994-10-28 00:00:00,2077
-130.22805555555556,67.17916666666666,0.0,NT,LITTLE CHICAGO,-5.6,,220B6Q3,1994-10-29 00:00:00,2077
-130.22805555555556,67.17916666666666,0.0,NT,LITTLE CHICAGO,-15.2,,220B6Q3,1994-10-31 00:00:00,2077
-130.22805555555556,67.17916666666666,0.0,NT,LITTLE CHICAGO,-16.6,,220B6Q3,1994-11-01 00:00:00,2077
-130.22805555555556,67.17916666666666,0.0,NT,LITTLE CHICAGO,-15.6,,220B6Q3,1994-11-02 00:00:00,2077
-130.22805555555556,67.17916666666666,0.0,NT,LITTLE CHICAGO,-11.6,,220B6Q3,1994-11-03 00:00:00,2077
-130.22805555555556,67.17916666666666,0.0,NT,LITTLE CHICAGO,-20.5,,220B6Q3,1994-11-05 00:00:00,2077
-130.22805555555556,67.17916666666666,0.0,NT,LITTLE CHICAGO,-28.5,,220B6Q3,1994-11-06 00:00:00,2077
-130.22805555555556,67.17916666666666,0.0,NT,LITTLE CHICAGO,-24.1,,220B6Q3,1994-11-07 00:00:00,2077
-130.22805555555556,67.17916666666666,0.0,NT,LITTLE CHICAGO,-17.7,,220B6Q3,1994-11-08 00:00:00,2077
-130.22805555555556,67.17916666666666,0.0,NT,LITTLE CHICAGO,-18.2,,220B6Q3,1994-11-09 00:00:00,2077
-130.22805555555556,67.17916666666666,0.0,NT,LITTLE CHICAGO,-13.0,,220B6Q3,1994-11-12 00:00:00,2077
-130.22805555555556,67.17916666666666,0.0,NT,LITTLE CHICAGO,-14.1,,220B6Q3,1994-11-18 00:00:00,2077
-130.22805555555556,67.17916666666666,0.0,NT,LITTLE CHICAGO,-25.3,,220B6Q3,1994-11-19 00:00:00,2077
-130.22805555555556,67.17916666666666,0.0,NT,LITTLE CHICAGO,-33.7,,220B6Q3,1994-11-20 00:00:00,2077
-130.22805555555556,67.17916666666666,0.0,NT,LITTLE CHICAGO,-31.6,,220B6Q3,1994-11-21 00:00:00,2077
-130.22805555555556,67.17916666666666,0.0,NT,LITTLE CHICAGO,-27.8,,220B6Q3,1994-11-22 00:00:00,2077
-130.22805555555556,67.17916666666666,0.0,NT,LITTLE CHICAGO,-31.2,,220B6Q3,1994-11-26 00:00:00,2077
-130.22805555555556,67.17916666666666,0.0,NT,LITTLE CHICAGO,-31.7,,220B6Q3,1994-11-27 00:00:00,2077
-130.22805555555556,67.17916666666666,0.0,NT,LITTLE CHICAGO,-25.1,,220B6Q3,1994-11-28 00:00:00,2077
-130.22805555555556,67.17916666666666,0.0,NT,LITTLE CHICAGO,-25.4,,220B6Q3,1994-11-29 00:00:00,2077
-130.22805555555556,67.17916666666666,0.0,NT,LITTLE CHICAGO,-31.9,,220B6Q3,1994-12-02 00:00:00,2077
-130.22805555555556,67.17916666666666,0.0,NT,LITTLE CHICAGO,-19.4,,220B6Q3,1994-12-03 00:00:00,2077
-130.22805555555556,67.17916666666666,0.0,NT,LITTLE CHICAGO,-18.1,,220B6Q3,1994-12-04 00:00:00,2077
-130.22805555555556,67.17916666666666,0.0,NT,LITTLE CHICAGO,-23.9,,220B6Q3,1994-12-05 00:00:00,2077
-130.22805555555556,67.17916666666666,0.0,NT,LITTLE CHICAGO,-30.9,,220B6Q3,1994-12-06 00:00:00,2077
-130.22805555555556,67.17916666666666,0.0,NT,LITTLE CHICAGO,-34.0,,220B6Q3,1994-12-10 00:00:00,2077
-130.22805555555556,67.17916666666666,0.0,NT,LITTLE CHICAGO,-30.9,,220B6Q3,1994-12-12 00:00:00,2077
-130.22805555555556,67.17916666666666,0.0,NT,LITTLE CHICAGO,-24.8,,220B6Q3,1994-12-13 00:00:00,2077
-130.22805555555556,67.17916666666666,0.0,NT,LITTLE CHICAGO,-23.8,,220B6Q3,1994-12-14 00:00:00,2077
-130.22805555555556,67.17916666666666,0.0,NT,LITTLE CHICAGO,-28.8,,220B6Q3,1994-12-15 00:00:00,2077
-130.22805555555556,67.17916666666666,0.0,NT,LITTLE CHICAGO,-28.3,,220B6Q3,1994-12-17 00:00:00,2077
-130.22805555555556,67.17916666666666,0.0,NT,LITTLE CHICAGO,-23.7,,220B6Q3,1994-12-18 00:00:00,2077
-130.22805555555556,67.17916666666666,0.0,NT,LITTLE CHICAGO,-21.5,,220B6Q3,1994-12-19 00:00:00,2077
-130.22805555555556,67.17916666666666,0.0,NT,LITTLE CHICAGO,-23.6,,220B6Q3,1994-12-20 00:00:00,2077
-130.22805555555556,67.17916666666666,0.0,NT,LITTLE CHICAGO,-25.2,,220B6Q3,1994-12-21 00:00:00,2077
-130.22805555555556,67.17916666666666,0.0,NT,LITTLE CHICAGO,-25.3,,220B6Q3,1994-12-22 00:00:00,2077
-130.22805555555556,67.17916666666666,0.0,NT,LITTLE CHICAGO,-25.7,,220B6Q3,1994-12-23 00:00:00,2077
-130.22805555555556,67.17916666666666,0.0,NT,LITTLE CHICAGO,-27.6,,220B6Q3,1994-12-24 00:00:00,2077
-130.22805555555556,67.17916666666666,0.0,NT,LITTLE CHICAGO,-32.5,,220B6Q3,1994-12-25 00:00:00,2077
-130.22805555555556,67.17916666666666,0.0,NT,LITTLE CHICAGO,-37.3,,220B6Q3,1994-12-26 00:00:00,2077
-130.22805555555556,67.17916666666666,0.0,NT,LITTLE CHICAGO,-30.2,,220B6Q3,1994-12-27 00:00:00,2077
-130.22805555555556,67.17916666666666,0.0,NT,LITTLE CHICAGO,-27.4,,220B6Q3,1994-12-28 00:00:00,2077
-130.22805555555556,67.17916666666666,0.0,NT,LITTLE CHICAGO,-23.3,,220B6Q3,1994-12-29 00:00:00,2077
-130.22805555555556,67.17916666666666,0.0,NT,LITTLE CHICAGO,-16.4,,220B6Q3,1994-12-30 00:00:00,2077
-130.22805555555556,67.17916666666666,0.0,NT,LITTLE CHICAGO,-18.2,,220B6Q3,1994-12-31 00:00:00,2077
-130.22805555555556,67.17916666666666,0.0,NT,LITTLE CHICAGO,-23.7,,220B6Q3,1995-01-01 00:00:00,2077
-130.22805555555556,67.17916666666666,0.0,NT,LITTLE CHICAGO,-21.5,,220B6Q3,1995-01-02 00:00:00,2077
-130.22805555555556,67.17916666666666,0.0,NT,LITTLE CHICAGO,,,220B6Q3,1995-01-03 00:00:00,2077
-130.22805555555556,67.17916666666666,0.0,NT,LITTLE CHICAGO,,,220B6Q3,1995-01-04 00:00:00,2077
-130.22805555555556,67.17916666666666,0.0,NT,LITTLE CHICAGO,-19.7,,220B6Q3,1995-01-05 00:00:00,2077
-130.22805555555556,67.17916666666666,0.0,NT,LITTLE CHICAGO,-31.0,,220B6Q3,1995-01-06 00:00:00,2077
-130.22805555555556,67.17916666666666,0.0,NT,LITTLE CHICAGO,-35.7,,220B6Q3,1995-01-07 00:00:00,2077
-130.22805555555556,67.17916666666666,0.0,NT,LITTLE CHICAGO,-39.4,,220B6Q3,1995-01-08 00:00:00,2077
-130.22805555555556,67.17916666666666,0.0,NT,LITTLE CHICAGO,,,220B6Q3,1995-01-09 00:00:00,2077
-130.22805555555556,67.17916666666666,0.0,NT,LITTLE CHICAGO,-37.6,,220B6Q3,1995-01-10 00:00:00,2077
-130.22805555555556,67.17916666666666,0.0,NT,LITTLE CHICAGO,,,220B6Q3,1995-01-11 00:00:00,2077
-130.22805555555556,67.17916666666666,0.0,NT,LITTLE CHICAGO,-33.1,,220B6Q3,1995-01-12 00:00:00,2077
-130.22805555555556,67.17916666666666,0.0,NT,LITTLE CHICAGO,-34.5,,220B6Q3,1995-01-13 00:00:00,2077
-130.22805555555556,67.17916666666666,0.0,NT,LITTLE CHICAGO,-24.7,,220B6Q3,1995-01-17 00:00:00,2077
-130.22805555555556,67.17916666666666,0.0,NT,LITTLE CHICAGO,-30.3,,220B6Q3,1995-01-14 00:00:00,2077
-130.22805555555556,67.17916666666666,0.0,NT,LITTLE CHICAGO,-23.9,,220B6Q3,1995-01-15 00:00:00,2077
-130.22805555555556,67.17916666666666,0.0,NT,LITTLE CHICAGO,-21.0,,220B6Q3,1995-01-16 00:00:00,2077
-130.22805555555556,67.17916666666666,0.0,NT,LITTLE CHICAGO,-20.3,,220B6Q3,1995-01-18 00:00:00,2077
-130.22805555555556,67.17916666666666,0.0,NT,LITTLE CHICAGO,-15.7,,220B6Q3,1995-01-19 00:00:00,2077
-130.22805555555556,67.17916666666666,0.0,NT,LITTLE CHICAGO,-17.8,,220B6Q3,1995-01-20 00:00:00,2077
-130.22805555555556,67.17916666666666,0.0,NT,LITTLE CHICAGO,-17.4,,220B6Q3,1995-01-21 00:00:00,2077
-130.22805555555556,67.17916666666666,0.0,NT,LITTLE CHICAGO,-18.9,,220B6Q3,1995-01-22 00:00:00,2077
-130.22805555555556,67.17916666666666,0.0,NT,LITTLE CHICAGO,-16.4,,220B6Q3,1995-01-23 00:00:00,2077
-130.22805555555556,67.17916666666666,0.0,NT,LITTLE CHICAGO,-19.2,,220B6Q3,1995-01-24 00:00:00,2077
-130.22805555555556,67.17916666666666,0.0,NT,LITTLE CHICAGO,-18.4,,220B6Q3,1995-01-25 00:00:00,2077
-130.22805555555556,67.17916666666666,0.0,NT,LITTLE CHICAGO,-25.3,,220B6Q3,1995-01-26 00:00:00,2077
-130.22805555555556,67.17916666666666,0.0,NT,LITTLE CHICAGO,-30.2,,220B6Q3,1995-01-27 00:00:00,2077
-130.22805555555556,67.17916666666666,0.0,NT,LITTLE CHICAGO,-26.4,,220B6Q3,1995-01-28 00:00:00,2077
-130.22805555555556,67.17916666666666,0.0,NT,LITTLE CHICAGO,-23.4,,220B6Q3,1995-01-29 00:00:00,2077
-130.22805555555556,67.17916666666666,0.0,NT,LITTLE CHICAGO,-24.4,,220B6Q3,1995-01-30 00:00:00,2077
-130.22805555555556,67.17916666666666,0.0,NT,LITTLE CHICAGO,,,220B6Q3,1995-01-31 00:00:00,2077
-130.22805555555556,67.17916666666666,0.0,NT,LITTLE CHICAGO,,,220B6Q3,1995-02-01 00:00:00,2077
-130.22805555555556,67.17916666666666,0.0,NT,LITTLE CHICAGO,,,220B6Q3,1995-02-02 00:00:00,2077
-130.22805555555556,67.17916666666666,0.0,NT,LITTLE CHICAGO,-26.0,,220B6Q3,1995-02-03 00:00:00,2077
-130.22805555555556,67.17916666666666,0.0,NT,LITTLE CHICAGO,-22.7,,220B6Q3,1995-02-04 00:00:00,2077
-130.22805555555556,67.17916666666666,0.0,NT,LITTLE CHICAGO,-17.5,,220B6Q3,1995-02-05 00:00:00,2077
-130.22805555555556,67.17916666666666,0.0,NT,LITTLE CHICAGO,-11.0,,220B6Q3,1995-02-06 00:00:00,2077
-130.22805555555556,67.17916666666666,0.0,NT,LITTLE CHICAGO,-13.7,,220B6Q3,1995-02-07 00:00:00,2077
-130.22805555555556,67.17916666666666,0.0,NT,LITTLE CHICAGO,,,220B6Q3,1995-02-08 00:00:00,2077
-130.22805555555556,67.17916666666666,0.0,NT,LITTLE CHICAGO,-31.6,,220B6Q3,1995-02-09 00:00:00,2077
-130.22805555555556,67.17916666666666,0.0,NT,LITTLE CHICAGO,,,220B6Q3,1995-02-10 00:00:00,2077
-130.22805555555556,67.17916666666666,0.0,NT,LITTLE CHICAGO,-33.6,,220B6Q3,1995-02-11 00:00:00,2077
-130.22805555555556,67.17916666666666,0.0,NT,LITTLE CHICAGO,-26.4,,220B6Q3,1995-02-12 00:00:00,2077
-130.22805555555556,67.17916666666666,0.0,NT,LITTLE CHICAGO,-17.9,,220B6Q3,1995-02-13 00:00:00,2077
-130.22805555555556,67.17916666666666,0.0,NT,LITTLE CHICAGO,-17.4,,220B6Q3,1995-02-14 00:00:00,2077
-130.22805555555556,67.17916666666666,0.0,NT,LITTLE CHICAGO,-23.1,,220B6Q3,1995-02-15 00:00:00,2077
-130.22805555555556,67.17916666666666,0.0,NT,LITTLE CHICAGO,-14.4,,220B6Q3,1995-02-16 00:00:00,2077
-130.22805555555556,67.17916666666666,0.0,NT,LITTLE CHICAGO,,,220B6Q3,1995-02-17 00:00:00,2077
-130.22805555555556,67.17916666666666,0.0,NT,LITTLE CHICAGO,-35.8,,220B6Q3,1995-02-18 00:00:00,2077
-130.22805555555556,67.17916666666666,0.0,NT,LITTLE CHICAGO,,,220B6Q3,1995-02-19 00:00:00,2077
-130.22805555555556,67.17916666666666,0.0,NT,LITTLE CHICAGO,-36.7,,220B6Q3,1995-02-20 00:00:00,2077
-130.22805555555556,67.17916666666666,0.0,NT,LITTLE CHICAGO,-29.3,,220B6Q3,1995-02-21 00:00:00,2077
-130.22805555555556,67.17916666666666,0.0,NT,LITTLE CHICAGO,-34.1,,220B6Q3,1995-02-22 00:00:00,2077
-130.22805555555556,67.17916666666666,0.0,NT,LITTLE CHICAGO,-34.2,,220B6Q3,1995-02-23 00:00:00,2077
-130.22805555555556,67.17916666666666,0.0,NT,LITTLE CHICAGO,-32.3,,220B6Q3,1995-02-24 00:00:00,2077
-130.22805555555556,67.17916666666666,0.0,NT,LITTLE CHICAGO,-27.4,,220B6Q3,1995-02-25 00:00:00,2077
-130.22805555555556,67.17916666666666,0.0,NT,LITTLE CHICAGO,-33.2,,220B6Q3,1995-02-26 00:00:00,2077
-130.22805555555556,67.17916666666666,0.0,NT,LITTLE CHICAGO,-32.1,,220B6Q3,1995-02-27 00:00:00,2077
-130.22805555555556,67.17916666666666,0.0,NT,LITTLE CHICAGO,-18.3,,220B6Q3,1995-02-28 00:00:00,2077
-130.22805555555556,67.17916666666666,0.0,NT,LITTLE CHICAGO,,,220B6Q3,1995-03-01 00:00:00,2077
-130.22805555555556,67.17916666666666,0.0,NT,LITTLE CHICAGO,-25.9,,220B6Q3,1995-03-02 00:00:00,2077
-130.22805555555556,67.17916666666666,0.0,NT,LITTLE CHICAGO,-31.4,,220B6Q3,1995-03-03 00:00:00,2077
-130.22805555555556,67.17916666666666,0.0,NT,LITTLE CHICAGO,-24.9,,220B6Q3,1995-03-04 00:00:00,2077
-130.22805555555556,67.17916666666666,0.0,NT,LITTLE CHICAGO,-22.8,,220B6Q3,1995-03-05 00:00:00,2077
-130.22805555555556,67.17916666666666,0.0,NT,LITTLE CHICAGO,-26.2,,220B6Q3,1995-03-06 00:00:00,2077
-130.22805555555556,67.17916666666666,0.0,NT,LITTLE CHICAGO,-16.9,,220B6Q3,1995-03-07 00:00:00,2077
-130.22805555555556,67.17916666666666,0.0,NT,LITTLE CHICAGO,-14.0,,220B6Q3,1995-03-08 00:00:00,2077
-130.22805555555556,67.17916666666666,0.0,NT,LITTLE CHICAGO,,,220B6Q3,1995-03-09 00:00:00,2077
-130.22805555555556,67.17916666666666,0.0,NT,LITTLE CHICAGO,-30.4,,220B6Q3,1995-03-10 00:00:00,2077
-130.22805555555556,67.17916666666666,0.0,NT,LITTLE CHICAGO,-35.9,,220B6Q3,1995-03-11 00:00:00,2077
-130.22805555555556,67.17916666666666,0.0,NT,LITTLE CHICAGO,-38.1,,220B6Q3,1995-03-12 00:00:00,2077
-130.22805555555556,67.17916666666666,0.0,NT,LITTLE CHICAGO,-39.5,,220B6Q3,1995-03-13 00:00:00,2077
-130.22805555555556,67.17916666666666,0.0,NT,LITTLE CHICAGO,-36.0,,220B6Q3,1995-03-14 00:00:00,2077
-130.22805555555556,67.17916666666666,0.0,NT,LITTLE CHICAGO,-33.7,,220B6Q3,1995-03-15 00:00:00,2077
-130.22805555555556,67.17916666666666,0.0,NT,LITTLE CHICAGO,-30.9,,220B6Q3,1995-03-16 00:00:00,2077
-130.22805555555556,67.17916666666666,0.0,NT,LITTLE CHICAGO,-21.9,,220B6Q3,1995-03-17 00:00:00,2077
-130.22805555555556,67.17916666666666,0.0,NT,LITTLE CHICAGO,-21.1,,220B6Q3,1995-03-18 00:00:00,2077
-130.22805555555556,67.17916666666666,0.0,NT,LITTLE CHICAGO,-21.0,,220B6Q3,1995-03-19 00:00:00,2077
-130.22805555555556,67.17916666666666,0.0,NT,LITTLE CHICAGO,-15.1,,220B6Q3,1995-03-20 00:00:00,2077
-130.22805555555556,67.17916666666666,0.0,NT,LITTLE CHICAGO,,,220B6Q3,1995-03-21 00:00:00,2077
-130.22805555555556,67.17916666666666,0.0,NT,LITTLE CHICAGO,-28.4,,220B6Q3,1995-03-22 00:00:00,2077
-130.22805555555556,67.17916666666666,0.0,NT,LITTLE CHICAGO,-26.2,,220B6Q3,1995-03-23 00:00:00,2077
-130.22805555555556,67.17916666666666,0.0,NT,LITTLE CHICAGO,,,220B6Q3,1995-03-24 00:00:00,2077
-130.22805555555556,67.17916666666666,0.0,NT,LITTLE CHICAGO,-25.9,,220B6Q3,1995-03-25 00:00:00,2077
-130.22805555555556,67.17916666666666,0.0,NT,LITTLE CHICAGO,-25.0,,220B6Q3,1995-03-26 00:00:00,2077
-130.22805555555556,67.17916666666666,0.0,NT,LITTLE CHICAGO,-20.6,,220B6Q3,1995-03-27 00:00:00,2077
-130.22805555555556,67.17916666666666,0.0,NT,LITTLE CHICAGO,-18.4,,220B6Q3,1995-03-28 00:00:00,2077
-130.22805555555556,67.17916666666666,0.0,NT,LITTLE CHICAGO,-11.9,,220B6Q3,1995-03-29 00:00:00,2077
-130.22805555555556,67.17916666666666,0.0,NT,LITTLE CHICAGO,-6.8,,220B6Q3,1995-03-30 00:00:00,2077
-130.22805555555556,67.17916666666666,0.0,NT,LITTLE CHICAGO,-7.1,78.0,220B6Q3,1995-03-31 00:00:00,2077
-130.22805555555556,67.17916666666666,0.0,NT,LITTLE CHICAGO,-12.1,67.0,220B6Q3,1995-04-01 00:00:00,2077
-130.22805555555556,67.17916666666666,32.0,NT,LITTLE CHICAGO,-18.0,63.0,220B6Q3,1995-04-02 00:00:00,2077
-130.22805555555556,67.17916666666666,0.0,NT,LITTLE CHICAGO,-16.3,47.0,220B6Q3,1995-04-03 00:00:00,2077
-130.22805555555556,67.17916666666666,0.0,NT,LITTLE CHICAGO,-14.2,51.0,220B6Q3,1995-04-04 00:00:00,2077
-130.22805555555556,67.17916666666666,0.0,NT,LITTLE CHICAGO,-17.1,59.0,220B6Q3,1995-04-05 00:00:00,2077
-130.22805555555556,67.17916666666666,0.0,NT,LITTLE CHICAGO,-17.0,69.0,220B6Q3,1995-04-06 00:00:00,2077
-130.22805555555556,67.17916666666666,0.0,NT,LITTLE CHICAGO,,,220B6Q3,1995-04-07 00:00:00,2077
-130.22805555555556,67.17916666666666,0.0,NT,LITTLE CHICAGO,-11.4,72.0,220B6Q3,1995-04-08 00:00:00,2077
-130.22805555555556,67.17916666666666,0.0,NT,LITTLE CHICAGO,-10.6,77.0,220B6Q3,1995-04-09 00:00:00,2077
-130.22805555555556,67.17916666666666,0.0,NT,LITTLE CHICAGO,,,220B6Q3,1995-04-10 00:00:00,2077
-130.22805555555556,67.17916666666666,0.0,NT,LITTLE CHICAGO,-3.4,81.0,220B6Q3,1995-04-11 00:00:00,2077
-130.22805555555556,67.17916666666666,0.0,NT,LITTLE CHICAGO,-3.4,,220B6Q3,1995-04-12 00:00:00,2077
-130.22805555555556,67.17916666666666,0.0,NT,LITTLE CHICAGO,-3.1,,220B6Q3,1995-04-13 00:00:00,2077
-130.22805555555556,67.17916666666666,0.0,NT,LITTLE CHICAGO,-3.1,90.0,220B6Q3,1995-04-14 00:00:00,2077
-130.22805555555556,67.17916666666666,0.0,NT,LITTLE CHICAGO,-3.0,94.0,220B6Q3,1995-04-15 00:00:00,2077
-130.22805555555556,67.17916666666666,0.0,NT,LITTLE CHICAGO,-2.2,,220B6Q3,1995-04-16 00:00:00,2077
-130.22805555555556,67.17916666666666,0.0,NT,LITTLE CHICAGO,-3.2,98.0,220B6Q3,1995-04-17 00:00:00,2077
-130.22805555555556,67.17916666666666,0.0,NT,LITTLE CHICAGO,0.7,85.0,220B6Q3,1995-04-18 00:00:00,2077
-130.22805555555556,67.17916666666666,0.0,NT,LITTLE CHICAGO,-1.5,81.0,220B6Q3,1995-04-19 00:00:00,2077
-130.22805555555556,67.17916666666666,0.0,NT,LITTLE CHICAGO,-2.7,92.0,220B6Q3,1995-04-20 00:00:00,2077
-130.22805555555556,67.17916666666666,0.0,NT,LITTLE CHICAGO,1.8,90.0,220B6Q3,1995-04-21 00:00:00,2077
-130.22805555555556,67.17916666666666,0.0,NT,LITTLE CHICAGO,2.8,98.0,220B6Q3,1995-04-22 00:00:00,2077
-130.22805555555556,67.17916666666666,0.0,NT,LITTLE CHICAGO,5.5,91.0,220B6Q3,1995-04-23 00:00:00,2077
-130.22805555555556,67.17916666666666,0.0,NT,LITTLE CHICAGO,6.2,,220B6Q3,1995-04-24 00:00:00,2077
-130.22805555555556,67.17916666666666,0.0,NT,LITTLE CHICAGO,6.4,89.0,220B6Q3,1995-04-25 00:00:00,2077
-130.22805555555556,67.17916666666666,37.0,NT,LITTLE CHICAGO,7.9,80.0,220B6Q3,1995-04-26 00:00:00,2077
-130.22805555555556,67.17916666666666,0.0,NT,LITTLE CHICAGO,9.1,,220B6Q3,1995-04-27 00:00:00,2077
-130.22805555555556,67.17916666666666,0.0,NT,LITTLE CHICAGO,5.6,,220B6Q3,1995-04-28 00:00:00,2077
-130.22805555555556,67.17916666666666,0.0,NT,LITTLE CHICAGO,4.9,,220B6Q3,1995-04-29 00:00:00,2077
-130.22805555555556,67.17916666666666,0.0,NT,LITTLE CHICAGO,5.0,89.0,220B6Q3,1995-04-30 00:00:00,2077
-130.22805555555556,67.17916666666666,0.0,NT,LITTLE CHICAGO,4.8,94.0,220B6Q3,1995-05-01 00:00:00,2077
-130.22805555555556,67.17916666666666,0.0,NT,LITTLE CHICAGO,5.3,,220B6Q3,1995-05-02 00:00:00,2077
-130.22805555555556,67.17916666666666,0.0,NT,LITTLE CHICAGO,7.8,76.0,220B6Q3,1995-05-03 00:00:00,2077
-130.22805555555556,67.17916666666666,0.0,NT,LITTLE CHICAGO,9.8,90.0,220B6Q3,1995-05-04 00:00:00,2077
-130.22805555555556,67.17916666666666,0.0,NT,LITTLE CHICAGO,8.6,79.0,220B6Q3,1995-05-05 00:00:00,2077
-130.22805555555556,67.17916666666666,0.0,NT,LITTLE CHICAGO,8.4,93.0,220B6Q3,1995-05-06 00:00:00,2077
-130.22805555555556,67.17916666666666,0.0,NT,LITTLE CHICAGO,10.7,65.0,220B6Q3,1995-05-07 00:00:00,2077
-130.22805555555556,67.17916666666666,0.0,NT,LITTLE CHICAGO,10.2,78.0,220B6Q3,1995-05-08 00:00:00,2077
-130.22805555555556,67.17916666666666,0.0,NT,LITTLE CHICAGO,14.0,79.0,220B6Q3,1995-05-09 00:00:00,2077
-130.22805555555556,67.17916666666666,35.0,NT,LITTLE CHICAGO,15.1,66.0,220B6Q3,1995-05-10 00:00:00,2077
-130.22805555555556,67.17916666666666,0.0,NT,LITTLE CHICAGO,13.2,65.0,220B6Q3,1995-05-11 00:00:00,2077
-130.22805555555556,67.17916666666666,0.0,NT,LITTLE CHICAGO,8.8,89.0,220B6Q3,1995-05-12 00:00:00,2077
-130.22805555555556,67.17916666666666,0.0,NT,LITTLE CHICAGO,8.7,89.0,220B6Q3,1995-05-13 00:00:00,2077
-130.22805555555556,67.17916666666666,0.0,NT,LITTLE CHICAGO,9.8,,220B6Q3,1995-05-14 00:00:00,2077
-130.22805555555556,67.17916666666666,32.0,NT,LITTLE CHICAGO,0.6,94.0,220B6Q3,1995-05-15 00:00:00,2077
-130.22805555555556,67.17916666666666,0.0,NT,LITTLE CHICAGO,0.2,77.0,220B6Q3,1995-05-16 00:00:00,2077
-130.22805555555556,67.17916666666666,0.0,NT,LITTLE CHICAGO,3.2,,220B6Q3,1995-05-17 00:00:00,2077
-130.22805555555556,67.17916666666666,0.0,NT,LITTLE CHICAGO,1.8,81.0,220B6Q3,1995-05-18 00:00:00,2077
-130.22805555555556,67.17916666666666,0.0,NT,LITTLE CHICAGO,1.5,97.0,220B6Q3,1995-05-19 00:00:00,2077
-130.22805555555556,67.17916666666666,39.0,NT,LITTLE CHICAGO,0.7,99.0,220B6Q3,1995-05-20 00:00:00,2077
-130.22805555555556,67.17916666666666,0.0,NT,LITTLE CHICAGO,-2.9,,220B6Q3,1995-05-21 00:00:00,2077
-130.22805555555556,67.17916666666666,32.0,NT,LITTLE CHICAGO,-2.8,80.0,220B6Q3,1995-05-22 00:00:00,2077
-130.22805555555556,67.17916666666666,32.0,NT,LITTLE CHICAGO,0.7,82.0,220B6Q3,1995-05-23 00:00:00,2077
-130.22805555555556,67.17916666666666,0.0,NT,LITTLE CHICAGO,6.8,,220B6Q3,1995-05-24 00:00:00,2077
-130.22805555555556,67.17916666666666,0.0,NT,LITTLE CHICAGO,13.8,57.0,220B6Q3,1995-05-25 00:00:00,2077
-130.22805555555556,67.17916666666666,,NT,LITTLE CHICAGO,,,220B6Q3,1995-05-26 00:00:00,2077
-130.22805555555556,67.17916666666666,0.0,NT,LITTLE CHICAGO,10.7,,220B6Q3,1995-05-30 00:00:00,2077
-130.22805555555556,67.17916666666666,0.0,NT,LITTLE CHICAGO,12.3,,220B6Q3,1995-05-31 00:00:00,2077
-130.22805555555556,67.17916666666666,0.0,NT,LITTLE CHICAGO,12.1,,220B6Q3,1995-06-01 00:00:00,2077
-130.22805555555556,67.17916666666666,0.0,NT,LITTLE CHICAGO,12.9,96.0,220B6Q3,1995-06-02 00:00:00,2077
-130.22805555555556,67.17916666666666,35.0,NT,LITTLE CHICAGO,7.8,98.0,220B6Q3,1995-06-03 00:00:00,2077
-130.22805555555556,67.17916666666666,0.0,NT,LITTLE CHICAGO,,,220B6Q3,1995-06-04 00:00:00,2077
-130.22805555555556,67.17916666666666,0.0,NT,LITTLE CHICAGO,19.5,62.0,220B6Q3,1995-06-05 00:00:00,2077
-130.22805555555556,67.17916666666666,44.0,NT,LITTLE CHICAGO,22.0,63.0,220B6Q3,1995-06-06 00:00:00,2077
-130.22805555555556,67.17916666666666,0.0,NT,LITTLE CHICAGO,18.9,65.0,220B6Q3,1995-06-07 00:00:00,2077
-130.22805555555556,67.17916666666666,0.0,NT,LITTLE CHICAGO,21.6,46.0,220B6Q3,1995-06-08 00:00:00,2077
-130.22805555555556,67.17916666666666,0.0,NT,LITTLE CHICAGO,24.1,60.0,220B6Q3,1995-06-09 00:00:00,2077
-130.22805555555556,67.17916666666666,0.0,NT,LITTLE CHICAGO,,,220B6Q3,1995-06-10 00:00:00,2077
-130.22805555555556,67.17916666666666,0.0,NT,LITTLE CHICAGO,18.9,,220B6Q3,1995-06-11 00:00:00,2077
-130.22805555555556,67.17916666666666,0.0,NT,LITTLE CHICAGO,17.9,,220B6Q3,1995-06-12 00:00:00,2077
-130.22805555555556,67.17916666666666,0.0,NT,LITTLE CHICAGO,13.7,85.0,220B6Q3,1995-06-13 00:00:00,2077
-130.22805555555556,67.17916666666666,0.0,NT,LITTLE CHICAGO,16.4,,220B6Q3,1995-06-14 00:00:00,2077
-130.22805555555556,67.17916666666666,0.0,NT,LITTLE CHICAGO,20.0,,220B6Q3,1995-06-15 00:00:00,2077
-130.22805555555556,67.17916666666666,0.0,NT,LITTLE CHICAGO,22.0,,220B6Q3,1995-06-16 00:00:00,2077
-130.22805555555556,67.17916666666666,,NT,LITTLE CHICAGO,,,220B6Q3,1995-06-17 00:00:00,2077
-130.22805555555556,67.17916666666666,0.0,NT,LITTLE CHICAGO,,,220B6Q3,1995-06-20 00:00:00,2077
-130.22805555555556,67.17916666666666,0.0,NT,LITTLE CHICAGO,21.4,,220B6Q3,1995-06-21 00:00:00,2077
-130.22805555555556,67.17916666666666,32.0,NT,LITTLE CHICAGO,13.2,92.0,220B6Q3,1995-06-22 00:00:00,2077
-130.22805555555556,67.17916666666666,0.0,NT,LITTLE CHICAGO,16.3,86.0,220B6Q3,1995-06-23 00:00:00,2077
-130.22805555555556,67.17916666666666,0.0,NT,LITTLE CHICAGO,,,220B6Q3,1995-06-24 00:00:00,2077
-130.22805555555556,67.17916666666666,0.0,NT,LITTLE CHICAGO,10.5,92.0,220B6Q3,1995-06-25 00:00:00,2077
-130.22805555555556,67.17916666666666,43.0,NT,LITTLE CHICAGO,8.1,95.0,220B6Q3,1995-06-26 00:00:00,2077
-130.22805555555556,67.17916666666666,33.0,NT,LITTLE CHICAGO,8.9,91.0,220B6Q3,1995-06-27 00:00:00,2077
-130.22805555555556,67.17916666666666,0.0,NT,LITTLE CHICAGO,11.1,88.0,220B6Q3,1995-06-28 00:00:00,2077
-130.22805555555556,67.17916666666666,0.0,NT,LITTLE CHICAGO,11.3,96.0,220B6Q3,1995-06-29 00:00:00,2077
-130.22805555555556,67.17916666666666,0.0,NT,LITTLE CHICAGO,15.2,67.0,220B6Q3,1995-06-30 00:00:00,2077
-130.22805555555556,67.17916666666666,0.0,NT,LITTLE CHICAGO,17.0,51.0,220B6Q3,1995-07-01 00:00:00,2077
-130.22805555555556,67.17916666666666,0.0,NT,LITTLE CHICAGO,15.2,,220B6Q3,1995-07-02 00:00:00,2077
-130.22805555555556,67.17916666666666,0.0,NT,LITTLE CHICAGO,16.4,75.0,220B6Q3,1995-07-03 00:00:00,2077
-130.22805555555556,67.17916666666666,0.0,NT,LITTLE CHICAGO,17.5,49.0,220B6Q3,1995-07-04 00:00:00,2077
-130.22805555555556,67.17916666666666,0.0,NT,LITTLE CHICAGO,18.2,58.0,220B6Q3,1995-07-05 00:00:00,2077
-130.22805555555556,67.17916666666666,0.0,NT,LITTLE CHICAGO,17.6,64.0,220B6Q3,1995-07-06 00:00:00,2077
-130.22805555555556,67.17916666666666,0.0,NT,LITTLE CHICAGO,17.5,,220B6Q3,1995-07-07 00:00:00,2077
-130.22805555555556,67.17916666666666,0.0,NT,LITTLE CHICAGO,15.4,70.0,220B6Q3,1995-07-08 00:00:00,2077
-130.22805555555556,67.17916666666666,0.0,NT,LITTLE CHICAGO,15.7,52.0,220B6Q3,1995-07-09 00:00:00,2077
-130.22805555555556,67.17916666666666,0.0,NT,LITTLE CHICAGO,17.8,,220B6Q3,1995-07-10 00:00:00,2077
-130.22805555555556,67.17916666666666,32.0,NT,LITTLE CHICAGO,18.8,46.0,220B6Q3,1995-07-11 00:00:00,2077
-130.22805555555556,67.17916666666666,0.0,NT,LITTLE CHICAGO,18.4,55.0,220B6Q3,1995-07-12 00:00:00,2077
-130.22805555555556,67.17916666666666,0.0,NT,LITTLE CHICAGO,17.5,,220B6Q3,1995-07-13 00:00:00,2077
-130.22805555555556,67.17916666666666,0.0,NT,LITTLE CHICAGO,17.2,90.0,220B6Q3,1995-07-14 00:00:00,2077
-130.22805555555556,67.17916666666666,0.0,NT,LITTLE CHICAGO,19.1,84.0,220B6Q3,1995-07-15 00:00:00,2077
-130.22805555555556,67.17916666666666,0.0,NT,LITTLE CHICAGO,19.6,79.0,220B6Q3,1995-07-16 00:00:00,2077
-130.22805555555556,67.17916666666666,35.0,NT,LITTLE CHICAGO,19.5,93.0,220B6Q3,1995-07-17 00:00:00,2077
-130.22805555555556,67.17916666666666,50.0,NT,LITTLE CHICAGO,18.4,91.0,220B6Q3,1995-07-18 00:00:00,2077
-130.22805555555556,67.17916666666666,41.0,NT,LITTLE CHICAGO,17.6,95.0,220B6Q3,1995-07-19 00:00:00,2077
-130.22805555555556,67.17916666666666,0.0,NT,LITTLE CHICAGO,16.5,,220B6Q3,1995-07-20 00:00:00,2077
-130.22805555555556,67.17916666666666,0.0,NT,LITTLE CHICAGO,,,220B6Q3,1995-07-21 00:00:00,2077
-130.22805555555556,67.17916666666666,0.0,NT,LITTLE CHICAGO,10.5,,220B6Q3,1995-07-22 00:00:00,2077
-130.22805555555556,67.17916666666666,0.0,NT,LITTLE CHICAGO,11.4,88.0,220B6Q3,1995-07-23 00:00:00,2077
-130.22805555555556,67.17916666666666,0.0,NT,LITTLE CHICAGO,13.7,78.0,220B6Q3,1995-07-24 00:00:00,2077
-130.22805555555556,67.17916666666666,32.0,NT,LITTLE CHICAGO,11.5,85.0,220B6Q3,1995-07-25 00:00:00,2077
-130.22805555555556,67.17916666666666,0.0,NT,LITTLE CHICAGO,7.9,,220B6Q3,1995-07-26 00:00:00,2077
-130.22805555555556,67.17916666666666,,NT,LITTLE CHICAGO,8.5,,220B6Q3,1995-07-27 00:00:00,2077
-130.22805555555556,67.17916666666666,0.0,NT,LITTLE CHICAGO,9.5,88.0,220B6Q3,1995-07-28 00:00:00,2077
-130.22805555555556,67.17916666666666,0.0,NT,LITTLE CHICAGO,11.5,95.0,220B6Q3,1995-07-29 00:00:00,2077
-130.22805555555556,67.17916666666666,0.0,NT,LITTLE CHICAGO,15.5,68.0,220B6Q3,1995-07-30 00:00:00,2077
-130.22805555555556,67.17916666666666,0.0,NT,LITTLE CHICAGO,16.2,75.0,220B6Q3,1995-07-31 00:00:00,2077
-130.22805555555556,67.17916666666666,0.0,NT,LITTLE CHICAGO,12.3,79.0,220B6Q3,1995-08-01 00:00:00,2077
-130.22805555555556,67.17916666666666,0.0,NT,LITTLE CHICAGO,15.0,,220B6Q3,1995-08-02 00:00:00,2077
-130.22805555555556,67.17916666666666,0.0,NT,LITTLE CHICAGO,13.9,92.0,220B6Q3,1995-08-03 00:00:00,2077
-130.22805555555556,67.17916666666666,0.0,NT,LITTLE CHICAGO,11.9,,220B6Q3,1995-08-04 00:00:00,2077
-130.22805555555556,67.17916666666666,0.0,NT,LITTLE CHICAGO,13.1,95.0,220B6Q3,1995-08-05 00:00:00,2077
-130.22805555555556,67.17916666666666,0.0,NT,LITTLE CHICAGO,14.7,86.0,220B6Q3,1995-08-06 00:00:00,2077
-130.22805555555556,67.17916666666666,0.0,NT,LITTLE CHICAGO,,,220B6Q3,1995-08-07 00:00:00,2077
-130.22805555555556,67.17916666666666,0.0,NT,LITTLE CHICAGO,17.5,,220B6Q3,1995-08-08 00:00:00,2077
-130.22805555555556,67.17916666666666,0.0,NT,LITTLE CHICAGO,17.1,,220B6Q3,1995-08-09 00:00:00,2077
-130.22805555555556,67.17916666666666,0.0,NT,LITTLE CHICAGO,16.6,,220B6Q3,1995-08-10 00:00:00,2077
-130.22805555555556,67.17916666666666,0.0,NT,LITTLE CHICAGO,18.1,82.0,220B6Q3,1995-08-11 00:00:00,2077
-130.22805555555556,67.17916666666666,0.0,NT,LITTLE CHICAGO,18.2,,220B6Q3,1995-08-12 00:00:00,2077
-130.22805555555556,67.17916666666666,0.0,NT,LITTLE CHICAGO,18.6,81.0,220B6Q3,1995-08-13 00:00:00,2077
-130.22805555555556,67.17916666666666,0.0,NT,LITTLE CHICAGO,14.8,94.0,220B6Q3,1995-08-14 00:00:00,2077
-130.22805555555556,67.17916666666666,0.0,NT,LITTLE CHICAGO,14.2,87.0,220B6Q3,1995-08-15 00:00:00,2077
-130.22805555555556,67.17916666666666,0.0,NT,LITTLE CHICAGO,13.0,96.0,220B6Q3,1995-08-16 00:00:00,2077
-130.22805555555556,67.17916666666666,0.0,NT,LITTLE CHICAGO,15.5,94.0,220B6Q3,1995-08-17 00:00:00,2077
-130.22805555555556,67.17916666666666,0.0,NT,LITTLE CHICAGO,15.2,100.0,220B6Q3,1995-08-18 00:00:00,2077
-130.22805555555556,67.17916666666666,0.0,NT,LITTLE CHICAGO,14.2,95.0,220B6Q3,1995-08-19 00:00:00,2077
-130.22805555555556,67.17916666666666,0.0,NT,LITTLE CHICAGO,11.0,93.0,220B6Q3,1995-08-20 00:00:00,2077
-130.22805555555556,67.17916666666666,0.0,NT,LITTLE CHICAGO,9.6,89.0,220B6Q3,1995-08-21 00:00:00,2077
-130.22805555555556,67.17916666666666,0.0,NT,LITTLE CHICAGO,8.5,96.0,220B6Q3,1995-08-22 00:00:00,2077
-130.22805555555556,67.17916666666666,0.0,NT,LITTLE CHICAGO,8.7,,220B6Q3,1995-08-23 00:00:00,2077
-130.22805555555556,67.17916666666666,0.0,NT,LITTLE CHICAGO,7.7,97.0,220B6Q3,1995-08-24 00:00:00,2077
-130.22805555555556,67.17916666666666,39.0,NT,LITTLE CHICAGO,5.7,97.0,220B6Q3,1995-08-25 00:00:00,2077
-130.22805555555556,67.17916666666666,32.0,NT,LITTLE CHICAGO,6.0,84.0,220B6Q3,1995-08-26 00:00:00,2077
-130.22805555555556,67.17916666666666,0.0,NT,LITTLE CHICAGO,2.7,,220B6Q3,1995-08-27 00:00:00,2077
-130.22805555555556,67.17916666666666,33.0,NT,LITTLE CHICAGO,3.0,91.0,220B6Q3,1995-08-28 00:00:00,2077
-130.22805555555556,67.17916666666666,0.0,NT,LITTLE CHICAGO,8.3,99.0,220B6Q3,1995-08-29 00:00:00,2077
-130.22805555555556,67.17916666666666,0.0,NT,LITTLE CHICAGO,6.7,97.0,220B6Q3,1995-08-30 00:00:00,2077
-130.22805555555556,67.17916666666666,0.0,NT,LITTLE CHICAGO,4.7,99.0,220B6Q3,1995-08-31 00:00:00,2077
-130.22805555555556,67.17916666666666,0.0,NT,LITTLE CHICAGO,6.3,83.0,220B6Q3,1995-09-01 00:00:00,2077
-130.22805555555556,67.17916666666666,0.0,NT,LITTLE CHICAGO,4.1,,220B6Q3,1995-09-02 00:00:00,2077
-130.22805555555556,67.17916666666666,0.0,NT,LITTLE CHICAGO,5.2,99.0,220B6Q3,1995-09-03 00:00:00,2077
-130.22805555555556,67.17916666666666,32.0,NT,LITTLE CHICAGO,4.6,95.0,220B6Q3,1995-09-04 00:00:00,2077
-130.22805555555556,67.17916666666666,0.0,NT,LITTLE CHICAGO,3.0,,220B6Q3,1995-09-05 00:00:00,2077
-130.22805555555556,67.17916666666666,0.0,NT,LITTLE CHICAGO,4.9,93.0,220B6Q3,1995-09-06 00:00:00,2077
-130.22805555555556,67.17916666666666,37.0,NT,LITTLE CHICAGO,3.2,94.0,220B6Q3,1995-09-07 00:00:00,2077
-130.22805555555556,67.17916666666666,0.0,NT,LITTLE CHICAGO,6.7,,220B6Q3,1995-09-08 00:00:00,2077
-130.22805555555556,67.17916666666666,0.0,NT,LITTLE CHICAGO,8.5,100.0,220B6Q3,1995-09-09 00:00:00,2077
-130.22805555555556,67.17916666666666,0.0,NT,LITTLE CHICAGO,8.3,100.0,220B6Q3,1995-09-10 00:00:00,2077
-130.22805555555556,67.17916666666666,0.0,NT,LITTLE CHICAGO,7.6,,220B6Q3,1995-09-11 00:00:00,2077
-130.22805555555556,67.17916666666666,0.0,NT,LITTLE CHICAGO,7.8,99.0,220B6Q3,1995-09-12 00:00:00,2077
-130.22805555555556,67.17916666666666,0.0,NT,LITTLE CHICAGO,,100.0,220B6Q3,1995-09-13 00:00:00,2077
-130.22805555555556,67.17916666666666,0.0,NT,LITTLE CHICAGO,,,220B6Q3,1995-09-14 00:00:00,2077
-130.22805555555556,67.17916666666666,39.0,NT,LITTLE CHICAGO,6.4,100.0,220B6Q3,1995-09-15 00:00:00,2077
-130.22805555555556,67.17916666666666,0.0,NT,LITTLE CHICAGO,5.0,87.0,220B6Q3,1995-09-16 00:00:00,2077
-130.22805555555556,67.17916666666666,0.0,NT,LITTLE CHICAGO,4.6,100.0,220B6Q3,1995-09-17 00:00:00,2077
-130.22805555555556,67.17916666666666,0.0,NT,LITTLE CHICAGO,6.6,,220B6Q3,1995-09-18 00:00:00,2077
-130.22805555555556,67.17916666666666,0.0,NT,LITTLE CHICAGO,,83.0,220B6Q3,1995-09-19 00:00:00,2077
-130.22805555555556,67.17916666666666,0.0,NT,LITTLE CHICAGO,,77.0,220B6Q3,1995-09-20 00:00:00,2077
-130.22805555555556,67.17916666666666,0.0,NT,LITTLE CHICAGO,,65.0,220B6Q3,1995-09-21 00:00:00,2077
-130.22805555555556,67.17916666666666,0.0,NT,LITTLE CHICAGO,,71.0,220B6Q3,1995-09-22 00:00:00,2077
-130.22805555555556,67.17916666666666,0.0,NT,LITTLE CHICAGO,,,220B6Q3,1995-09-23 00:00:00,2077
-130.22805555555556,67.17916666666666,0.0,NT,LITTLE CHICAGO,,98.0,220B6Q3,1995-09-24 00:00:00,2077
-130.22805555555556,67.17916666666666,0.0,NT,LITTLE CHICAGO,,95.0,220B6Q3,1995-09-25 00:00:00,2077
-130.22805555555556,67.17916666666666,0.0,NT,LITTLE CHICAGO,6.8,99.0,220B6Q3,1995-09-26 00:00:00,2077
-130.22805555555556,67.17916666666666,0.0,NT,LITTLE CHICAGO,6.1,99.0,220B6Q3,1995-09-27 00:00:00,2077
-130.22805555555556,67.17916666666666,0.0,NT,LITTLE CHICAGO,1.7,93.0,220B6Q3,1995-09-28 00:00:00,2077
-130.22805555555556,67.17916666666666,0.0,NT,LITTLE CHICAGO,-0.4,81.0,220B6Q3,1995-09-29 00:00:00,2077
-130.22805555555556,67.17916666666666,0.0,NT,LITTLE CHICAGO,0.9,82.0,220B6Q3,1995-09-30 00:00:00,2077
-130.22805555555556,67.17916666666666,0.0,NT,LITTLE CHICAGO,1.1,,220B6Q3,1995-10-01 00:00:00,2077
-130.22805555555556,67.17916666666666,0.0,NT,LITTLE CHICAGO,1.8,,220B6Q3,1995-10-02 00:00:00,2077
-130.22805555555556,67.17916666666666,0.0,NT,LITTLE CHICAGO,-1.1,,220B6Q3,1995-10-03 00:00:00,2077
-130.22805555555556,67.17916666666666,0.0,NT,LITTLE CHICAGO,-3.0,89.0,220B6Q3,1995-10-04 00:00:00,2077
-130.22805555555556,67.17916666666666,0.0,NT,LITTLE CHICAGO,-2.7,96.0,220B6Q3,1995-10-05 00:00:00,2077
-130.22805555555556,67.17916666666666,0.0,NT,LITTLE CHICAGO,-0.6,94.0,220B6Q3,1995-10-06 00:00:00,2077
-130.22805555555556,67.17916666666666,0.0,NT,LITTLE CHICAGO,-1.8,,220B6Q3,1995-10-07 00:00:00,2077
-130.22805555555556,67.17916666666666,33.0,NT,LITTLE CHICAGO,-1.7,91.0,220B6Q3,1995-10-08 00:00:00,2077
-130.22805555555556,67.17916666666666,0.0,NT,LITTLE CHICAGO,-2.2,95.0,220B6Q3,1995-10-09 00:00:00,2077
-130.22805555555556,67.17916666666666,0.0,NT,LITTLE CHICAGO,-3.7,89.0,220B6Q3,1995-10-10 00:00:00,2077
-130.22805555555556,67.17916666666666,0.0,NT,LITTLE CHICAGO,-5.7,94.0,220B6Q3,1995-10-11 00:00:00,2077
-130.22805555555556,67.17916666666666,0.0,NT,LITTLE CHICAGO,-4.8,93.0,220B6Q3,1995-10-12 00:00:00,2077
-130.22805555555556,67.17916666666666,0.0,NT,LITTLE CHICAGO,-2.2,,220B6Q3,1995-10-13 00:00:00,2077
-130.22805555555556,67.17916666666666,0.0,NT,LITTLE CHICAGO,-2.9,100.0,220B6Q3,1995-10-14 00:00:00,2077
-130.22805555555556,67.17916666666666,0.0,NT,LITTLE CHICAGO,-6.1,93.0,220B6Q3,1995-10-15 00:00:00,2077
-130.22805555555556,67.17916666666666,0.0,NT,LITTLE CHICAGO,-6.9,93.0,220B6Q3,1995-10-16 00:00:00,2077
-130.22805555555556,67.17916666666666,0.0,NT,LITTLE CHICAGO,-9.7,83.0,220B6Q3,1995-10-17 00:00:00,2077
-130.22805555555556,67.17916666666666,0.0,NT,LITTLE CHICAGO,-7.7,,220B6Q3,1995-10-18 00:00:00,2077
-130.22805555555556,67.17916666666666,,NT,LITTLE CHICAGO,-10.6,,220B6Q3,1995-10-19 00:00:00,2077
-130.22805555555556,67.17916666666666,33.0,NT,LITTLE CHICAGO,-4.3,99.0,220B6Q3,1995-10-20 00:00:00,2077
-130.22805555555556,67.17916666666666,0.0,NT,LITTLE CHICAGO,-6.8,96.0,220B6Q3,1995-10-21 00:00:00,2077
-130.22805555555556,67.17916666666666,0.0,NT,LITTLE CHICAGO,-9.1,80.0,220B6Q3,1995-10-22 00:00:00,2077
-130.22805555555556,67.17916666666666,0.0,NT,LITTLE CHICAGO,-7.9,86.0,220B6Q3,1995-10-23 00:00:00,2077
-130.22805555555556,67.17916666666666,0.0,NT,LITTLE CHICAGO,-4.0,,220B6Q3,1995-10-24 00:00:00,2077
-130.22805555555556,67.17916666666666,0.0,NT,LITTLE CHICAGO,-5.4,99.0,220B6Q3,1995-10-25 00:00:00,2077
-130.22805555555556,67.17916666666666,0.0,NT,LITTLE CHICAGO,-3.0,,220B6Q3,1995-10-26 00:00:00,2077
-130.22805555555556,67.17916666666666,0.0,NT,LITTLE CHICAGO,-6.7,98.0,220B6Q3,1995-10-27 00:00:00,2077
-130.22805555555556,67.17916666666666,0.0,NT,LITTLE CHICAGO,-12.6,95.0,220B6Q3,1995-10-28 00:00:00,2077
-130.22805555555556,67.17916666666666,0.0,NT,LITTLE CHICAGO,-14.3,95.0,220B6Q3,1995-10-29 00:00:00,2077
-130.22805555555556,67.17916666666666,0.0,NT,LITTLE CHICAGO,-11.7,96.0,220B6Q3,1995-10-30 00:00:00,2077
-130.22805555555556,67.17916666666666,0.0,NT,LITTLE CHICAGO,-8.2,,220B6Q3,1995-10-31 00:00:00,2077
-130.22805555555556,67.17916666666666,0.0,NT,LITTLE CHICAGO,-9.8,93.0,220B6Q3,1995-11-01 00:00:00,2077
-130.22805555555556,67.17916666666666,0.0,NT,LITTLE CHICAGO,-9.3,96.0,220B6Q3,1995-11-02 00:00:00,2077
-130.22805555555556,67.17916666666666,0.0,NT,LITTLE CHICAGO,-5.0,98.0,220B6Q3,1995-11-03 00:00:00,2077
-130.22805555555556,67.17916666666666,37.0,NT,LITTLE CHICAGO,-8.3,98.0,220B6Q3,1995-11-04 00:00:00,2077
-130.22805555555556,67.17916666666666,35.0,NT,LITTLE CHICAGO,-15.2,83.0,220B6Q3,1995-11-05 00:00:00,2077
-130.22805555555556,67.17916666666666,0.0,NT,LITTLE CHICAGO,-16.1,85.0,220B6Q3,1995-11-06 00:00:00,2077
-130.22805555555556,67.17916666666666,0.0,NT,LITTLE CHICAGO,-14.2,88.0,220B6Q3,1995-11-07 00:00:00,2077
-130.22805555555556,67.17916666666666,0.0,NT,LITTLE CHICAGO,-18.4,88.0,220B6Q3,1995-11-08 00:00:00,2077
-130.22805555555556,67.17916666666666,0.0,NT,LITTLE CHICAGO,-15.9,87.0,220B6Q3,1995-11-09 00:00:00,2077
-130.22805555555556,67.17916666666666,0.0,NT,LITTLE CHICAGO,-19.0,87.0,220B6Q3,1995-11-10 00:00:00,2077
-130.22805555555556,67.17916666666666,0.0,NT,LITTLE CHICAGO,-24.5,84.0,220B6Q3,1995-11-11 00:00:00,2077
-130.22805555555556,67.17916666666666,0.0,NT,LITTLE CHICAGO,-19.1,87.0,220B6Q3,1995-11-12 00:00:00,2077
-130.22805555555556,67.17916666666666,0.0,NT,LITTLE CHICAGO,-19.7,,220B6Q3,1995-11-13 00:00:00,2077
-130.22805555555556,67.17916666666666,0.0,NT,LITTLE CHICAGO,-19.7,86.0,220B6Q3,1995-11-14 00:00:00,2077
-130.22805555555556,67.17916666666666,0.0,NT,LITTLE CHICAGO,-20.4,85.0,220B6Q3,1995-11-15 00:00:00,2077
-130.22805555555556,67.17916666666666,0.0,NT,LITTLE CHICAGO,-20.4,84.0,220B6Q3,1995-11-16 00:00:00,2077
-130.22805555555556,67.17916666666666,0.0,NT,LITTLE CHICAGO,-18.1,86.0,220B6Q3,1995-11-17 00:00:00,2077
-130.22805555555556,67.17916666666666,0.0,NT,LITTLE CHICAGO,-18.4,88.0,220B6Q3,1995-11-18 00:00:00,2077
-130.22805555555556,67.17916666666666,0.0,NT,LITTLE CHICAGO,-19.3,88.0,220B6Q3,1995-11-19 00:00:00,2077
-130.22805555555556,67.17916666666666,0.0,NT,LITTLE CHICAGO,-26.7,80.0,220B6Q3,1995-11-20 00:00:00,2077
-130.22805555555556,67.17916666666666,0.0,NT,LITTLE CHICAGO,-29.4,80.0,220B6Q3,1995-11-21 00:00:00,2077
-130.22805555555556,67.17916666666666,0.0,NT,LITTLE CHICAGO,-32.9,74.0,220B6Q3,1995-11-22 00:00:00,2077
-130.22805555555556,67.17916666666666,0.0,NT,LITTLE CHICAGO,-36.3,68.0,220B6Q3,1995-11-23 00:00:00,2077
-130.22805555555556,67.17916666666666,0.0,NT,LITTLE CHICAGO,-37.1,67.0,220B6Q3,1995-11-24 00:00:00,2077
-130.22805555555556,67.17916666666666,0.0,NT,LITTLE CHICAGO,,74.0,220B6Q3,1995-11-25 00:00:00,2077
-130.22805555555556,67.17916666666666,0.0,NT,LITTLE CHICAGO,-27.9,78.0,220B6Q3,1995-11-26 00:00:00,2077
-130.22805555555556,67.17916666666666,0.0,NT,LITTLE CHICAGO,-29.1,,220B6Q3,1995-11-27 00:00:00,2077
-130.22805555555556,67.17916666666666,0.0,NT,LITTLE CHICAGO,-21.4,86.0,220B6Q3,1995-11-28 00:00:00,2077
-130.22805555555556,67.17916666666666,0.0,NT,LITTLE CHICAGO,-15.4,91.0,220B6Q3,1995-11-29 00:00:00,2077
-130.22805555555556,67.17916666666666,0.0,NT,LITTLE CHICAGO,-18.1,89.0,220B6Q3,1995-11-30 00:00:00,2077
-130.22805555555556,67.17916666666666,0.0,NT,LITTLE CHICAGO,-27.8,83.0,220B6Q3,1995-12-01 00:00:00,2077
-130.22805555555556,67.17916666666666,0.0,NT,LITTLE CHICAGO,-29.4,78.0,220B6Q3,1995-12-02 00:00:00,2077
-130.22805555555556,67.17916666666666,0.0,NT,LITTLE CHICAGO,-37.3,72.0,220B6Q3,1995-12-03 00:00:00,2077
-130.22805555555556,67.17916666666666,0.0,NT,LITTLE CHICAGO,-42.3,64.0,220B6Q3,1995-12-04 00:00:00,2077
-130.22805555555556,67.17916666666666,0.0,NT,LITTLE CHICAGO,-41.9,64.0,220B6Q3,1995-12-05 00:00:00,2077
-130.22805555555556,67.17916666666666,0.0,NT,LITTLE CHICAGO,,72.0,220B6Q3,1995-12-06 00:00:00,2077
-130.22805555555556,67.17916666666666,0.0,NT,LITTLE CHICAGO,-26.8,81.0,220B6Q3,1995-12-07 00:00:00,2077
-130.22805555555556,67.17916666666666,0.0,NT,LITTLE CHICAGO,-30.6,80.0,220B6Q3,1995-12-08 00:00:00,2077
-130.22805555555556,67.17916666666666,0.0,NT,LITTLE CHICAGO,-40.0,66.0,220B6Q3,1995-12-09 00:00:00,2077
-130.22805555555556,67.17916666666666,0.0,NT,LITTLE CHICAGO,-38.7,66.0,220B6Q3,1995-12-10 00:00:00,2077
-130.22805555555556,67.17916666666666,0.0,NT,LITTLE CHICAGO,-32.1,76.0,220B6Q3,1995-12-11 00:00:00,2077
-130.22805555555556,67.17916666666666,0.0,NT,LITTLE CHICAGO,-38.8,65.0,220B6Q3,1995-12-12 00:00:00,2077
-130.22805555555556,67.17916666666666,0.0,NT,LITTLE CHICAGO,-38.9,66.0,220B6Q3,1995-12-13 00:00:00,2077
-130.22805555555556,67.17916666666666,0.0,NT,LITTLE CHICAGO,-41.4,64.0,220B6Q3,1995-12-14 00:00:00,2077
-130.22805555555556,67.17916666666666,0.0,NT,LITTLE CHICAGO,,,220B6Q3,1995-12-15 00:00:00,2077
-130.22805555555556,67.17916666666666,0.0,NT,LITTLE CHICAGO,,,220B6Q3,1995-12-16 00:00:00,2077
-130.22805555555556,67.17916666666666,0.0,NT,LITTLE CHICAGO,,,220B6Q3,1995-12-17 00:00:00,2077
-130.22805555555556,67.17916666666666,0.0,NT,LITTLE CHICAGO,-34.3,74.0,220B6Q3,1995-12-18 00:00:00,2077
-130.22805555555556,67.17916666666666,0.0,NT,LITTLE CHICAGO,-26.6,78.0,220B6Q3,1995-12-19 00:00:00,2077
-130.22805555555556,67.17916666666666,0.0,NT,LITTLE CHICAGO,-24.1,79.0,220B6Q3,1995-12-20 00:00:00,2077
-130.22805555555556,67.17916666666666,0.0,NT,LITTLE CHICAGO,-24.2,79.0,220B6Q3,1995-12-21 00:00:00,2077
-130.22805555555556,67.17916666666666,0.0,NT,LITTLE CHICAGO,-24.4,81.0,220B6Q3,1995-12-22 00:00:00,2077
-130.22805555555556,67.17916666666666,0.0,NT,LITTLE CHICAGO,-24.8,80.0,220B6Q3,1995-12-23 00:00:00,2077
-130.22805555555556,67.17916666666666,0.0,NT,LITTLE CHICAGO,-19.5,87.0,220B6Q3,1995-12-24 00:00:00,2077
-130.22805555555556,67.17916666666666,0.0,NT,LITTLE CHICAGO,-15.7,89.0,220B6Q3,1995-12-28 00:00:00,2077
-130.22805555555556,67.17916666666666,0.0,NT,LITTLE CHICAGO,-21.3,86.0,220B6Q3,1995-12-25 00:00:00,2077
-130.22805555555556,67.17916666666666,0.0,NT,LITTLE CHICAGO,-21.0,87.0,220B6Q3,1995-12-26 00:00:00,2077
-130.22805555555556,67.17916666666666,0.0,NT,LITTLE CHICAGO,-15.5,89.0,220B6Q3,1995-12-27 00:00:00,2077
-130.22805555555556,67.17916666666666,0.0,NT,LITTLE CHICAGO,-18.9,87.0,220B6Q3,1995-12-29 00:00:00,2077
-130.22805555555556,67.17916666666666,0.0,NT,LITTLE CHICAGO,-23.1,84.0,220B6Q3,1995-12-30 00:00:00,2077
-130.22805555555556,67.17916666666666,0.0,NT,LITTLE CHICAGO,-31.6,78.0,220B6Q3,1995-12-31 00:00:00,2077
-130.22805555555556,67.17916666666666,0.0,NT,LITTLE CHICAGO,,,220B6Q3,1996-01-01 00:00:00,2077
-130.22805555555556,67.17916666666666,0.0,NT,LITTLE CHICAGO,-28.5,77.0,220B6Q3,1996-01-02 00:00:00,2077
-130.22805555555556,67.17916666666666,0.0,NT,LITTLE CHICAGO,-28.4,77.0,220B6Q3,1996-01-03 00:00:00,2077
-130.22805555555556,67.17916666666666,0.0,NT,LITTLE CHICAGO,-24.0,83.0,220B6Q3,1996-01-04 00:00:00,2077
-130.22805555555556,67.17916666666666,0.0,NT,LITTLE CHICAGO,-22.3,84.0,220B6Q3,1996-01-05 00:00:00,2077
-130.22805555555556,67.17916666666666,0.0,NT,LITTLE CHICAGO,-23.5,,220B6Q3,1996-01-06 00:00:00,2077
-130.22805555555556,67.17916666666666,0.0,NT,LITTLE CHICAGO,-26.0,80.0,220B6Q3,1996-01-07 00:00:00,2077
-130.22805555555556,67.17916666666666,32.0,NT,LITTLE CHICAGO,-34.8,74.0,220B6Q3,1996-01-08 00:00:00,2077
-130.22805555555556,67.17916666666666,0.0,NT,LITTLE CHICAGO,-40.7,65.0,220B6Q3,1996-01-09 00:00:00,2077
-130.22805555555556,67.17916666666666,0.0,NT,LITTLE CHICAGO,-36.7,69.0,220B6Q3,1996-01-10 00:00:00,2077
-130.22805555555556,67.17916666666666,0.0,NT,LITTLE CHICAGO,-37.8,70.0,220B6Q3,1996-01-11 00:00:00,2077
-130.22805555555556,67.17916666666666,0.0,NT,LITTLE CHICAGO,-37.5,70.0,220B6Q3,1996-01-12 00:00:00,2077
-130.22805555555556,67.17916666666666,0.0,NT,LITTLE CHICAGO,-28.8,75.0,220B6Q3,1996-01-13 00:00:00,2077
-130.22805555555556,67.17916666666666,0.0,NT,LITTLE CHICAGO,-27.1,79.0,220B6Q3,1996-01-14 00:00:00,2077
-130.22805555555556,67.17916666666666,44.0,NT,LITTLE CHICAGO,-30.4,82.0,220B6Q3,1996-01-15 00:00:00,2077
-130.22805555555556,67.17916666666666,0.0,NT,LITTLE CHICAGO,-42.8,,220B6Q3,1996-01-16 00:00:00,2077
-130.22805555555556,67.17916666666666,0.0,NT,LITTLE CHICAGO,-44.1,,220B6Q3,1996-01-17 00:00:00,2077
-130.22805555555556,67.17916666666666,0.0,NT,LITTLE CHICAGO,-43.6,,220B6Q3,1996-01-18 00:00:00,2077
-130.22805555555556,67.17916666666666,57.0,NT,LITTLE CHICAGO,-30.5,82.0,220B6Q3,1996-01-19 00:00:00,2077
-130.22805555555556,67.17916666666666,0.0,NT,LITTLE CHICAGO,-28.9,,220B6Q3,1996-01-20 00:00:00,2077
-130.22805555555556,67.17916666666666,43.0,NT,LITTLE CHICAGO,-24.7,79.0,220B6Q3,1996-01-21 00:00:00,2077
-130.22805555555556,67.17916666666666,0.0,NT,LITTLE CHICAGO,-32.5,74.0,220B6Q3,1996-01-22 00:00:00,2077
-130.22805555555556,67.17916666666666,0.0,NT,LITTLE CHICAGO,-37.5,67.0,220B6Q3,1996-01-23 00:00:00,2077
-130.22805555555556,67.17916666666666,0.0,NT,LITTLE CHICAGO,-32.8,77.0,220B6Q3,1996-01-24 00:00:00,2077
-130.22805555555556,67.17916666666666,0.0,NT,LITTLE CHICAGO,-26.7,80.0,220B6Q3,1996-01-25 00:00:00,2077
-130.22805555555556,67.17916666666666,0.0,NT,LITTLE CHICAGO,-38.1,71.0,220B6Q3,1996-01-26 00:00:00,2077
-130.22805555555556,67.17916666666666,0.0,NT,LITTLE CHICAGO,-42.1,,220B6Q3,1996-01-27 00:00:00,2077
-130.22805555555556,67.17916666666666,0.0,NT,LITTLE CHICAGO,-36.5,72.0,220B6Q3,1996-01-28 00:00:00,2077
-130.22805555555556,67.17916666666666,0.0,NT,LITTLE CHICAGO,-26.1,82.0,220B6Q3,1996-01-29 00:00:00,2077
-130.22805555555556,67.17916666666666,0.0,NT,LITTLE CHICAGO,-19.1,89.0,220B6Q3,1996-01-30 00:00:00,2077
-130.22805555555556,67.17916666666666,0.0,NT,LITTLE CHICAGO,-17.8,90.0,220B6Q3,1996-01-31 00:00:00,2077
-130.22805555555556,67.17916666666666,0.0,NT,LITTLE CHICAGO,-18.2,88.0,220B6Q3,1996-02-01 00:00:00,2077
-130.22805555555556,67.17916666666666,0.0,NT,LITTLE CHICAGO,-22.3,86.0,220B6Q3,1996-02-02 00:00:00,2077
-130.22805555555556,67.17916666666666,0.0,NT,LITTLE CHICAGO,,,220B6Q3,1996-02-03 00:00:00,2077
-130.22805555555556,67.17916666666666,0.0,NT,LITTLE CHICAGO,-39.4,,220B6Q3,1996-02-04 00:00:00,2077
-130.22805555555556,67.17916666666666,33.0,NT,LITTLE CHICAGO,-29.2,77.0,220B6Q3,1996-02-05 00:00:00,2077
-130.22805555555556,67.17916666666666,0.0,NT,LITTLE CHICAGO,-26.8,,220B6Q3,1996-02-06 00:00:00,2077
-130.22805555555556,67.17916666666666,0.0,NT,LITTLE CHICAGO,-25.4,79.0,220B6Q3,1996-02-07 00:00:00,2077
-130.22805555555556,67.17916666666666,0.0,NT,LITTLE CHICAGO,-21.3,81.0,220B6Q3,1996-02-08 00:00:00,2077
-130.22805555555556,67.17916666666666,,NT,LITTLE CHICAGO,-27.1,,220B6Q3,1996-02-09 00:00:00,2077
-130.22805555555556,67.17916666666666,0.0,NT,LITTLE CHICAGO,-24.6,80.0,220B6Q3,1996-02-10 00:00:00,2077
-130.22805555555556,67.17916666666666,0.0,NT,LITTLE CHICAGO,-24.9,77.0,220B6Q3,1996-02-11 00:00:00,2077
-130.22805555555556,67.17916666666666,0.0,NT,LITTLE CHICAGO,-25.0,80.0,220B6Q3,1996-02-12 00:00:00,2077
-130.22805555555556,67.17916666666666,0.0,NT,LITTLE CHICAGO,-33.0,76.0,220B6Q3,1996-02-13 00:00:00,2077
-130.22805555555556,67.17916666666666,0.0,NT,LITTLE CHICAGO,-31.2,,220B6Q3,1996-02-14 00:00:00,2077
-130.22805555555556,67.17916666666666,0.0,NT,LITTLE CHICAGO,,,220B6Q3,1996-02-15 00:00:00,2077
-130.22805555555556,67.17916666666666,0.0,NT,LITTLE CHICAGO,-18.6,87.0,220B6Q3,1996-02-16 00:00:00,2077
-130.22805555555556,67.17916666666666,0.0,NT,LITTLE CHICAGO,-20.0,88.0,220B6Q3,1996-02-17 00:00:00,2077
-130.22805555555556,67.17916666666666,0.0,NT,LITTLE CHICAGO,-23.4,87.0,220B6Q3,1996-02-18 00:00:00,2077
-130.22805555555556,67.17916666666666,0.0,NT,LITTLE CHICAGO,-17.9,,220B6Q3,1996-02-19 00:00:00,2077
-130.22805555555556,67.17916666666666,0.0,NT,LITTLE CHICAGO,-28.5,,220B6Q3,1996-02-20 00:00:00,2077
-130.22805555555556,67.17916666666666,0.0,NT,LITTLE CHICAGO,-33.4,70.0,220B6Q3,1996-02-21 00:00:00,2077
-130.22805555555556,67.17916666666666,0.0,NT,LITTLE CHICAGO,-38.6,65.0,220B6Q3,1996-02-22 00:00:00,2077
-130.22805555555556,67.17916666666666,0.0,NT,LITTLE CHICAGO,-40.1,66.0,220B6Q3,1996-02-23 00:00:00,2077
-130.22805555555556,67.17916666666666,0.0,NT,LITTLE CHICAGO,-36.0,,220B6Q3,1996-02-24 00:00:00,2077
-130.22805555555556,67.17916666666666,0.0,NT,LITTLE CHICAGO,-26.9,72.0,220B6Q3,1996-02-25 00:00:00,2077
-130.22805555555556,67.17916666666666,0.0,NT,LITTLE CHICAGO,-17.4,88.0,220B6Q3,1996-02-26 00:00:00,2077
-130.22805555555556,67.17916666666666,0.0,NT,LITTLE CHICAGO,-15.7,90.0,220B6Q3,1996-02-27 00:00:00,2077
-130.22805555555556,67.17916666666666,0.0,NT,LITTLE CHICAGO,,,220B6Q3,1996-02-28 00:00:00,2077
-130.22805555555556,67.17916666666666,0.0,NT,LITTLE CHICAGO,,97.0,220B6Q3,1996-02-29 00:00:00,2077
-130.22805555555556,67.17916666666666,61.0,NT,LITTLE CHICAGO,,98.0,220B6Q3,1996-03-01 00:00:00,2077
-130.22805555555556,67.17916666666666,0.0,NT,LITTLE CHICAGO,-19.5,,220B6Q3,1996-03-02 00:00:00,2077
-130.22805555555556,67.17916666666666,0.0,NT,LITTLE CHICAGO,-27.5,74.0,220B6Q3,1996-03-03 00:00:00,2077
-130.22805555555556,67.17916666666666,0.0,NT,LITTLE CHICAGO,-17.6,83.0,220B6Q3,1996-03-04 00:00:00,2077
-130.22805555555556,67.17916666666666,0.0,NT,LITTLE CHICAGO,-21.0,,220B6Q3,1996-03-05 00:00:00,2077
-130.22805555555556,67.17916666666666,0.0,NT,LITTLE CHICAGO,-23.0,76.0,220B6Q3,1996-03-06 00:00:00,2077
-130.22805555555556,67.17916666666666,0.0,NT,LITTLE CHICAGO,,77.0,220B6Q3,1996-03-07 00:00:00,2077
-130.22805555555556,67.17916666666666,0.0,NT,LITTLE CHICAGO,,64.0,220B6Q3,1996-03-08 00:00:00,2077
-130.22805555555556,67.17916666666666,0.0,NT,LITTLE CHICAGO,-20.5,79.0,220B6Q3,1996-03-09 00:00:00,2077
-130.22805555555556,67.17916666666666,0.0,NT,LITTLE CHICAGO,-28.5,71.0,220B6Q3,1996-03-10 00:00:00,2077
-130.22805555555556,67.17916666666666,0.0,NT,LITTLE CHICAGO,-28.1,67.0,220B6Q3,1996-03-11 00:00:00,2077
-130.22805555555556,67.17916666666666,0.0,NT,LITTLE CHICAGO,-28.3,67.0,220B6Q3,1996-03-12 00:00:00,2077
-130.22805555555556,67.17916666666666,0.0,NT,LITTLE CHICAGO,-25.9,70.0,220B6Q3,1996-03-13 00:00:00,2077
-130.22805555555556,67.17916666666666,0.0,NT,LITTLE CHICAGO,-19.2,77.0,220B6Q3,1996-03-14 00:00:00,2077
