Year,CostProvinceShort,DollarPerAcre,InflationScaler,DollarPerHectare,ProvinceID
1921,PE,35,10.0,14.164305949008495,1
1921,NS,23,10.0,9.307972480777012,2
1921,NB,23,10.0,9.307972480777012,3
1921,QC,50,10.0,20.23472278429785,4
1921,ON,57,10.0,23.06758397409956,5
1921,MB,34,10.0,13.759611493322542,6
1921,SK,29,10.0,11.736139214892756,7
1921,AB,25,10.0,10.117361392148927,8
1921,BC,60,10.0,24.281667341157423,9
1922,PE,36,10.869565217391305,14.569000404694457,1
1922,NS,22,10.869565217391305,8.903278025091057,2
1922,NB,26,10.869565217391305,10.522055847834883,3
1922,QC,50,10.869565217391305,20.23472278429785,4
1922,ON,58,10.869565217391305,23.47227842978551,5
1922,MB,30,10.869565217391305,12.140833670578711,6
1922,SK,27,10.869565217391305,10.92675030352084,7
1922,AB,21,10.869565217391305,8.498583569405099,8
1922,BC,59,10.869565217391305,23.876972885471467,9
1923,PE,41,10.869565217391305,16.592472683124242,1
1923,NS,20,10.869565217391305,8.093889113719142,2
1923,NB,26,10.869565217391305,10.522055847834883,3
1923,QC,49,10.869565217391305,19.8300283286119,4
1923,ON,59,10.869565217391305,23.876972885471467,5
1923,MB,26,10.869565217391305,10.522055847834883,6
1923,SK,23,10.869565217391305,9.307972480777012,7
1923,AB,21,10.869565217391305,8.498583569405099,8
1923,BC,49,10.869565217391305,19.8300283286119,9
1924,PE,33,11.11111111111111,13.354917037636584,1
1924,NS,21,11.11111111111111,8.498583569405099,2
1924,NB,22,11.11111111111111,8.903278025091057,3
1924,QC,47,11.11111111111111,19.020639417239984,4
1924,ON,61,11.11111111111111,24.686361796843386,5
1924,MB,26,11.11111111111111,10.522055847834883,6
1924,SK,23,11.11111111111111,9.307972480777012,7
1924,AB,21,11.11111111111111,8.498583569405099,8
1924,BC,48,11.11111111111111,19.42533387292594,9
1925,PE,39,10.989010989010987,15.783083771752326,1
1925,NS,24,10.989010989010987,9.71266693646297,2
1925,NB,27,10.989010989010987,10.92675030352084,3
1925,QC,48,10.989010989010987,19.42533387292594,4
1925,ON,63,10.989010989010987,25.495750708215297,5
1925,MB,26,10.989010989010987,10.522055847834883,6
1925,SK,23,10.989010989010987,9.307972480777012,7
1925,AB,22,10.989010989010987,8.903278025091057,8
1925,BC,44,10.989010989010987,17.806556050182113,9
1926,PE,41,10.869565217391305,16.592472683124242,1
1926,NS,24,10.869565217391305,9.71266693646297,2
1926,NB,24,10.869565217391305,9.71266693646297,3
1926,QC,48,10.869565217391305,19.42533387292594,4
1926,ON,59,10.869565217391305,23.876972885471467,5
1926,MB,25,10.869565217391305,10.117361392148927,6
1926,SK,23,10.869565217391305,9.307972480777012,7
1926,AB,21,10.869565217391305,8.498583569405099,8
1926,BC,40,10.869565217391305,16.187778227438283,9
1927,PE,38,10.989010989010987,15.37838931606637,1
1927,NS,24,10.989010989010987,9.71266693646297,2
1927,NB,23,10.989010989010987,9.307972480777012,3
1927,QC,52,10.989010989010987,21.04411169566977,4
1927,ON,63,10.989010989010987,25.495750708215297,5
1927,MB,24,10.989010989010987,9.71266693646297,6
1927,SK,23,10.989010989010987,9.307972480777012,7
1927,AB,23,10.989010989010987,9.307972480777012,8
1927,BC,45,10.989010989010987,18.21125050586807,9
1928,PE,42,10.989010989010987,16.997167138810198,1
1928,NS,22,10.989010989010987,8.903278025091057,2
1928,NB,23,10.989010989010987,9.307972480777012,3
1928,QC,50,10.989010989010987,20.23472278429785,4
1928,ON,61,10.989010989010987,24.686361796843386,5
1928,MB,25,10.989010989010987,10.117361392148927,6
1928,SK,24,10.989010989010987,9.71266693646297,7
1928,AB,23,10.989010989010987,9.307972480777012,8
1928,BC,47,10.989010989010987,19.020639417239984,9
1929,PE,42,10.869565217391305,16.997167138810198,1
1929,NS,24,10.869565217391305,9.71266693646297,2
1929,NB,26,10.869565217391305,10.522055847834883,3
1929,QC,52,10.869565217391305,21.04411169566977,4
1929,ON,59,10.869565217391305,23.876972885471467,5
1929,MB,25,10.869565217391305,10.117361392148927,6
1929,SK,23,10.869565217391305,9.307972480777012,7
1929,AB,23,10.869565217391305,9.307972480777012,8
1929,BC,47,10.869565217391305,19.020639417239984,9
1930,PE,43,10.989010989010987,17.401861594496154,1
1930,NS,20,10.989010989010987,8.093889113719142,2
1930,NB,20,10.989010989010987,8.093889113719142,3
1930,QC,47,10.989010989010987,19.020639417239984,4
1930,ON,52,10.989010989010987,21.04411169566977,5
1930,MB,22,10.989010989010987,8.903278025091057,6
1930,SK,20,10.989010989010987,8.093889113719142,7
1930,AB,20,10.989010989010987,8.093889113719142,8
1930,BC,41,10.989010989010987,16.592472683124242,9
1931,PE,36,12.195121951219512,14.569000404694457,1
1931,NS,19,12.195121951219512,7.689194658033185,2
1931,NB,19,12.195121951219512,7.689194658033185,3
1931,QC,40,12.195121951219512,16.187778227438283,4
1931,ON,47,12.195121951219512,19.020639417239984,5
1931,MB,19,12.195121951219512,7.689194658033185,6
1931,SK,18,12.195121951219512,7.284500202347227,7
1931,AB,17,12.195121951219512,6.879805746661271,8
1931,BC,41,12.195121951219512,16.592472683124242,9
1932,PE,32,13.333333333333334,12.950222581950626,1
1932,NS,18,13.333333333333334,7.284500202347227,2
1932,NB,17,13.333333333333334,6.879805746661271,3
1932,QC,35,13.333333333333334,14.164305949008495,4
1932,ON,38,13.333333333333334,15.37838931606637,5
1932,MB,16,13.333333333333334,6.475111290975313,6
1932,SK,15,13.333333333333334,6.070416835289357,7
1932,AB,14,13.333333333333334,5.665722379603399,8
1932,BC,35,13.333333333333334,14.164305949008495,9
1933,PE,33,14.084507042253522,13.354917037636584,1
1933,NS,17,14.084507042253522,6.879805746661271,2
1933,NB,17,14.084507042253522,6.879805746661271,3
1933,QC,32,14.084507042253522,12.950222581950626,4
1933,ON,37,14.084507042253522,14.973694860380412,5
1933,MB,16,14.084507042253522,6.475111290975313,6
1933,SK,15,14.084507042253522,6.070416835289357,7
1933,AB,13,14.084507042253522,5.2610279239174425,8
1933,BC,34,14.084507042253522,13.759611493322542,9
1934,PE,34,13.88888888888889,13.759611493322542,1
1934,NS,17,13.88888888888889,6.879805746661271,2
1934,NB,16,13.88888888888889,6.475111290975313,3
1934,QC,29,13.88888888888889,11.736139214892756,4
1934,ON,40,13.88888888888889,16.187778227438283,5
1934,MB,16,13.88888888888889,6.475111290975313,6
1934,SK,15,13.88888888888889,6.070416835289357,7
1934,AB,13,13.88888888888889,5.2610279239174425,8
1934,BC,32,13.88888888888889,12.950222581950626,9
1935,PE,30,13.6986301369863,12.140833670578711,1
1935,NS,19,13.6986301369863,7.689194658033185,2
1935,NB,17,13.6986301369863,6.879805746661271,3
1935,QC,33,13.6986301369863,13.354917037636584,4
1935,ON,40,13.6986301369863,16.187778227438283,5
1935,MB,16,13.6986301369863,6.475111290975313,6
1935,SK,16,13.6986301369863,6.475111290975313,7
1935,AB,13,13.6986301369863,5.2610279239174425,8
1935,BC,30,13.6986301369863,12.140833670578711,9
1936,PE,30,13.513513513513512,12.140833670578711,1
1936,NS,21,13.513513513513512,8.498583569405099,2
1936,NB,18,13.513513513513512,7.284500202347227,3
1936,QC,29,13.513513513513512,11.736139214892756,4
1936,ON,41,13.513513513513512,16.592472683124242,5
1936,MB,14,13.513513513513512,5.665722379603399,6
1936,SK,14,13.513513513513512,5.665722379603399,7
1936,AB,13,13.513513513513512,5.2610279239174425,8
1936,BC,31,13.513513513513512,12.545528126264667,9
1937,PE,32,12.987012987012989,12.950222581950626,1
1937,NS,19,12.987012987012989,7.689194658033185,2
1937,NB,17,12.987012987012989,6.879805746661271,3
1937,QC,29,12.987012987012989,11.736139214892756,4
1937,ON,42,12.987012987012989,16.997167138810198,5
1937,MB,15,12.987012987012989,6.070416835289357,6
1937,SK,13,12.987012987012989,5.2610279239174425,7
1937,AB,12,12.987012987012989,4.856333468231485,8
1937,BC,29,12.987012987012989,11.736139214892756,9
1938,PE,33,12.987012987012989,13.354917037636584,1
1938,NS,17,12.987012987012989,6.879805746661271,2
1938,NB,17,12.987012987012989,6.879805746661271,3
1938,QC,28,12.987012987012989,11.331444759206798,4
1938,ON,40,12.987012987012989,16.187778227438283,5
1938,MB,14,12.987012987012989,5.665722379603399,6
1938,SK,13,12.987012987012989,5.2610279239174425,7
1938,AB,11,12.987012987012989,4.451639012545528,8
1938,BC,30,12.987012987012989,12.140833670578711,9
1939,PE,32,12.987012987012989,12.950222581950626,1
1939,NS,19,12.987012987012989,7.689194658033185,2
1939,NB,18,12.987012987012989,7.284500202347227,3
1939,QC,29,12.987012987012989,11.736139214892756,4
1939,ON,40,12.987012987012989,16.187778227438283,5
1939,MB,14,12.987012987012989,5.665722379603399,6
1939,SK,12,12.987012987012989,4.856333468231485,7
1939,AB,12,12.987012987012989,4.856333468231485,8
1939,BC,29,12.987012987012989,11.736139214892756,9
1940,PE,28,12.5,11.331444759206798,1
1940,NS,16,12.5,6.475111290975313,2
1940,NB,14,12.5,5.665722379603399,3
1940,QC,28,12.5,11.331444759206798,4
1940,ON,39,12.5,15.783083771752326,5
1940,MB,13,12.5,5.2610279239174425,6
1940,SK,12,12.5,4.856333468231485,7
1940,AB,12,12.5,4.856333468231485,8
1940,BC,28,12.5,11.331444759206798,9
1941,PE,29,11.764705882352942,11.736139214892756,1
1941,NS,17,11.764705882352942,6.879805746661271,2
1941,NB,15,11.764705882352942,6.070416835289357,3
1941,QC,30,11.764705882352942,12.140833670578711,4
1941,ON,37,11.764705882352942,14.973694860380412,5
1941,MB,14,11.764705882352942,5.665722379603399,6
1941,SK,11,11.764705882352942,4.451639012545528,7
1941,AB,11,11.764705882352942,4.451639012545528,8
1941,BC,28,11.764705882352942,11.331444759206798,9
1942,PE,31,11.363636363636363,12.545528126264667,1
1942,NS,18,11.363636363636363,7.284500202347227,2
1942,NB,17,11.363636363636363,6.879805746661271,3
1942,QC,34,11.363636363636363,13.759611493322542,4
1942,ON,39,11.363636363636363,15.783083771752326,5
1942,MB,14,11.363636363636363,5.665722379603399,6
1942,SK,12,11.363636363636363,4.856333468231485,7
1942,AB,12,11.363636363636363,4.856333468231485,8
1942,BC,31,11.363636363636363,12.545528126264667,9
1943,PE,30,11.11111111111111,12.140833670578711,1
1943,NS,19,11.11111111111111,7.689194658033185,2
1943,NB,19,11.11111111111111,7.689194658033185,3
1943,QC,36,11.11111111111111,14.569000404694457,4
1943,ON,45,11.11111111111111,18.21125050586807,5
1943,MB,15,11.11111111111111,6.070416835289357,6
1943,SK,12,11.11111111111111,4.856333468231485,7
1943,AB,13,11.11111111111111,5.2610279239174425,8
1943,BC,33,11.11111111111111,13.354917037636584,9
1944,PE,33,10.989010989010987,13.354917037636584,1
1944,NS,22,10.989010989010987,8.903278025091057,2
1944,NB,22,10.989010989010987,8.903278025091057,3
1944,QC,36,10.989010989010987,14.569000404694457,4
1944,ON,46,10.989010989010987,18.615944961554025,5
1944,MB,16,10.989010989010987,6.475111290975313,6
1944,SK,13,10.989010989010987,5.2610279239174425,7
1944,AB,14,10.989010989010987,5.665722379603399,8
1944,BC,36,10.989010989010987,14.569000404694457,9
1945,PE,34,10.869565217391305,13.759611493322542,1
1945,NS,22,10.869565217391305,8.903278025091057,2
1945,NB,22,10.869565217391305,8.903278025091057,3
1945,QC,36,10.869565217391305,14.569000404694457,4
1945,ON,44,10.869565217391305,17.806556050182113,5
1945,MB,17,10.869565217391305,6.879805746661271,6
1945,SK,14,10.869565217391305,5.665722379603399,7
1945,AB,15,10.869565217391305,6.070416835289357,8
1945,BC,38,10.869565217391305,15.37838931606637,9
1946,PE,32,10.638297872340424,12.950222581950626,1
1946,NS,22,10.638297872340424,8.903278025091057,2
1946,NB,21,10.638297872340424,8.498583569405099,3
1946,QC,38,10.638297872340424,15.37838931606637,4
1946,ON,46,10.638297872340424,18.615944961554025,5
1946,MB,20,10.638297872340424,8.093889113719142,6
1946,SK,15,10.638297872340424,6.070416835289357,7
1946,AB,16,10.638297872340424,6.475111290975313,8
1946,BC,41,10.638297872340424,16.592472683124242,9
1947,PE,36,9.70873786407767,14.569000404694457,1
1947,NS,25,9.70873786407767,10.117361392148927,2
1947,NB,24,9.70873786407767,9.71266693646297,3
1947,QC,40,9.70873786407767,16.187778227438283,4
1947,ON,49,9.70873786407767,19.8300283286119,5
1947,MB,21,9.70873786407767,8.498583569405099,6
1947,SK,16,9.70873786407767,6.475111290975313,7
1947,AB,18,9.70873786407767,7.284500202347227,8
1947,BC,45,9.70873786407767,18.21125050586807,9
1948,PE,38,8.47457627118644,15.37838931606637,1
1948,NS,26,8.47457627118644,10.522055847834883,2
1948,NB,24,8.47457627118644,9.71266693646297,3
1948,QC,42,8.47457627118644,16.997167138810198,4
1948,ON,52,8.47457627118644,21.04411169566977,5
1948,MB,26,8.47457627118644,10.522055847834883,6
1948,SK,18,8.47457627118644,7.284500202347227,7
1948,AB,21,8.47457627118644,8.498583569405099,8
1948,BC,49,8.47457627118644,19.8300283286119,9
1949,PE,39,8.196721311475411,15.783083771752326,1
1949,NS,26,8.196721311475411,10.522055847834883,2
1949,NB,25,8.196721311475411,10.117361392148927,3
1949,QC,39,8.196721311475411,15.783083771752326,4
1949,ON,54,8.196721311475411,21.85350060704168,5
1949,MB,27,8.196721311475411,10.92675030352084,6
1949,SK,18,8.196721311475411,7.284500202347227,7
1949,AB,22,8.196721311475411,8.903278025091057,8
1949,BC,53,8.196721311475411,21.44880615135573,9
1950,PE,40,8.0,16.187778227438283,1
1950,NS,28,8.0,11.331444759206798,2
1950,NB,28,8.0,11.331444759206798,3
1950,QC,45,8.0,18.21125050586807,4
1950,ON,57,8.0,23.06758397409956,5
1950,MB,28,8.0,11.331444759206798,6
1950,SK,18,8.0,7.284500202347227,7
1950,AB,22,8.0,8.903278025091057,8
1950,BC,55,8.0,22.25819506272764,9
1951,PE,44,7.246376811594202,17.806556050182113,1
1951,NS,30,7.246376811594202,12.140833670578711,2
1951,NB,28,7.246376811594202,11.331444759206798,3
1951,QC,50,7.246376811594202,20.23472278429785,4
1951,ON,68,7.246376811594202,27.519222986645083,5
1951,MB,30,7.246376811594202,12.140833670578711,6
1951,SK,19,7.246376811594202,7.689194658033185,7
1951,AB,23,7.246376811594202,9.307972480777012,8
1951,BC,59,7.246376811594202,23.876972885471467,9
1952,PE,45,7.042253521126761,18.21125050586807,1
1952,NS,30,7.042253521126761,12.140833670578711,2
1952,NB,29,7.042253521126761,11.736139214892756,3
1952,QC,52,7.042253521126761,21.04411169566977,4
1952,ON,71,7.042253521126761,28.733306353702957,5
1952,MB,31,7.042253521126761,12.545528126264667,6
1952,SK,20,7.042253521126761,8.093889113719142,7
1952,AB,23,7.042253521126761,9.307972480777012,8
1952,BC,61,7.042253521126761,24.686361796843386,9
1953,PE,45,7.142857142857143,18.21125050586807,1
1953,NS,31,7.142857142857143,12.545528126264667,2
1953,NB,30,7.142857142857143,12.140833670578711,3
1953,QC,53,7.142857142857143,21.44880615135573,4
1953,ON,78,7.142857142857143,31.56616754350465,5
1953,MB,35,7.142857142857143,14.164305949008495,6
1953,SK,21,7.142857142857143,8.498583569405099,7
1953,AB,29,7.142857142857143,11.736139214892756,8
1953,BC,68,7.142857142857143,27.519222986645083,9
1954,PE,44,7.092198581560284,17.806556050182113,1
1954,NS,32,7.092198581560284,12.950222581950626,2
1954,NB,31,7.092198581560284,12.545528126264667,3
1954,QC,55,7.092198581560284,22.25819506272764,4
1954,ON,82,7.092198581560284,33.184945366248485,5
1954,MB,32,7.092198581560284,12.950222581950626,6
1954,SK,20,7.092198581560284,8.093889113719142,7
1954,AB,27,7.092198581560284,10.92675030352084,8
1954,BC,72,7.092198581560284,29.13800080938891,9
1955,PE,44,7.092198581560284,17.806556050182113,1
1955,NS,33,7.092198581560284,13.354917037636584,2
1955,NB,32,7.092198581560284,12.950222581950626,3
1955,QC,56,7.092198581560284,22.6628895184136,4
1955,ON,90,7.092198581560284,36.42250101173614,5
1955,MB,33,7.092198581560284,13.354917037636584,6
1955,SK,22,7.092198581560284,8.903278025091057,7
1955,AB,28,7.092198581560284,11.331444759206798,8
1955,BC,78,7.092198581560284,31.56616754350465,9
1956,PE,46,6.9930069930069925,18.615944961554025,1
1956,NS,34,6.9930069930069925,13.759611493322542,2
1956,NB,32,6.9930069930069925,12.950222581950626,3
1956,QC,59,6.9930069930069925,23.876972885471467,4
1956,ON,95,6.9930069930069925,38.44597329016592,5
1956,MB,35,6.9930069930069925,14.164305949008495,6
1956,SK,24,6.9930069930069925,9.71266693646297,7
1956,AB,29,6.9930069930069925,11.736139214892756,8
1956,BC,81,6.9930069930069925,32.78025091056252,9
1957,PE,46,6.756756756756756,18.615944961554025,1
1957,NS,35,6.756756756756756,14.164305949008495,2
1957,NB,34,6.756756756756756,13.759611493322542,3
1957,QC,60,6.756756756756756,24.281667341157423,4
1957,ON,101,6.756756756756756,40.87414002428167,5
1957,MB,34,6.756756756756756,13.759611493322542,6
1957,SK,24,6.756756756756756,9.71266693646297,7
1957,AB,28,6.756756756756756,11.331444759206798,8
1957,BC,88,6.756756756756756,35.613112100364226,9
1958,PE,49,6.578947368421053,19.8300283286119,1
1958,NS,36,6.578947368421053,14.569000404694457,2
1958,NB,35,6.578947368421053,14.164305949008495,3
1958,QC,63,6.578947368421053,25.495750708215297,4
1958,ON,112,6.578947368421053,45.32577903682719,5
1958,MB,36,6.578947368421053,14.569000404694457,6
1958,SK,25,6.578947368421053,10.117361392148927,7
1958,AB,32,6.578947368421053,12.950222581950626,8
1958,BC,94,6.578947368421053,38.04127883447997,9
1959,PE,52,6.5359477124183005,21.04411169566977,1
1959,NS,37,6.5359477124183005,14.973694860380412,2
1959,NB,37,6.5359477124183005,14.973694860380412,3
1959,QC,65,6.5359477124183005,26.30513961958721,4
1959,ON,125,6.5359477124183005,50.58680696074464,5
1959,MB,35,6.5359477124183005,14.164305949008495,6
1959,SK,26,6.5359477124183005,10.522055847834883,7
1959,AB,32,6.5359477124183005,12.950222581950626,8
1959,BC,104,6.5359477124183005,42.08822339133954,9
1960,PE,54,6.451612903225806,21.85350060704168,1
1960,NS,39,6.451612903225806,15.783083771752326,2
1960,NB,39,6.451612903225806,15.783083771752326,3
1960,QC,68,6.451612903225806,27.519222986645083,4
1960,ON,126,6.451612903225806,50.991501416430594,5
1960,MB,38,6.451612903225806,15.37838931606637,6
1960,SK,28,6.451612903225806,11.331444759206798,7
1960,AB,35,6.451612903225806,14.164305949008495,8
1960,BC,109,6.451612903225806,44.111695669769325,9
1961,PE,55,6.369426751592357,22.25819506272764,1
1961,NS,40,6.369426751592357,16.187778227438283,2
1961,NB,41,6.369426751592357,16.592472683124242,3
1961,QC,73,6.369426751592357,29.54269526507487,4
1961,ON,138,6.369426751592357,55.84783488466208,5
1961,MB,40,6.369426751592357,16.187778227438283,6
1961,SK,29,6.369426751592357,11.736139214892756,7
1961,AB,36,6.369426751592357,14.569000404694457,8
1961,BC,109,6.369426751592357,44.111695669769325,9
1962,PE,59,6.289308176100628,23.876972885471467,1
1962,NS,40,6.289308176100628,16.187778227438283,2
1962,NB,42,6.289308176100628,16.997167138810198,3
1962,QC,72,6.289308176100628,29.13800080938891,4
1962,ON,145,6.289308176100628,58.680696074463775,5
1962,MB,40,6.289308176100628,16.187778227438283,6
1962,SK,31,6.289308176100628,12.545528126264667,7
1962,AB,38,6.289308176100628,15.37838931606637,8
1962,BC,109,6.289308176100628,44.111695669769325,9
1963,PE,61,6.211180124223602,24.686361796843386,1
1963,NS,42,6.211180124223602,16.997167138810198,2
1963,NB,44,6.211180124223602,17.806556050182113,3
1963,QC,75,6.211180124223602,30.35208417644678,4
1963,ON,149,6.211180124223602,60.299473897207605,5
1963,MB,43,6.211180124223602,17.401861594496154,6
1963,SK,35,6.211180124223602,14.164305949008495,7
1963,AB,42,6.211180124223602,16.997167138810198,8
1963,BC,107,6.211180124223602,43.30230675839741,9
1964,PE,64,6.097560975609756,25.900445163901253,1
1964,NS,45,6.097560975609756,18.21125050586807,2
1964,NB,46,6.097560975609756,18.615944961554025,3
1964,QC,79,6.097560975609756,31.97086199919061,4
1964,ON,162,6.097560975609756,65.56050182112504,5
1964,MB,49,6.097560975609756,19.8300283286119,6
1964,SK,40,6.097560975609756,16.187778227438283,7
1964,AB,46,6.097560975609756,18.615944961554025,8
1964,BC,108,6.097560975609756,43.70700121408336,9
1965,PE,67,5.9523809523809526,27.114528530959124,1
1965,NS,49,5.9523809523809526,19.8300283286119,2
1965,NB,48,5.9523809523809526,19.42533387292594,3
1965,QC,84,5.9523809523809526,33.9943342776204,4
1965,ON,174,5.9523809523809526,70.41683528935653,5
1965,MB,56,5.9523809523809526,22.6628895184136,6
1965,SK,47,5.9523809523809526,19.020639417239984,7
1965,AB,53,5.9523809523809526,21.44880615135573,8
1965,BC,119,5.9523809523809526,48.15864022662889,9
1966,PE,78,5.714285714285714,31.56616754350465,1
1966,NS,56,5.714285714285714,22.6628895184136,2
1966,NB,51,5.714285714285714,20.63941723998381,3
1966,QC,90,5.714285714285714,36.42250101173614,4
1966,ON,194,5.714285714285714,78.51072440307567,5
1966,MB,62,5.714285714285714,25.091056252529334,6
1966,SK,54,5.714285714285714,21.85350060704168,7
1966,AB,59,5.714285714285714,23.876972885471467,8
1966,BC,138,5.714285714285714,55.84783488466208,9
1967,PE,91,5.524861878453038,36.827195467422094,1
1967,NS,62,5.524861878453038,25.091056252529334,2
1967,NB,54,5.524861878453038,21.85350060704168,3
1967,QC,95,5.524861878453038,38.44597329016592,4
1967,ON,222,5.524861878453038,89.84216916228247,5
1967,MB,71,5.524861878453038,28.733306353702957,6
1967,SK,62,5.524861878453038,25.091056252529334,7
1967,AB,67,5.524861878453038,27.114528530959124,8
1967,BC,150,5.524861878453038,60.70416835289356,9
1968,PE,105,5.319148936170213,42.492917847025495,1
1968,NS,70,5.319148936170213,28.328611898016995,2
1968,NB,62,5.319148936170213,25.091056252529334,3
1968,QC,105,5.319148936170213,42.492917847025495,4
1968,ON,256,5.319148936170213,103.601780655605,5
1968,MB,78,5.319148936170213,31.56616754350465,6
1968,SK,66,5.319148936170213,26.709834075273168,7
1968,AB,74,5.319148936170213,29.947389720760825,8
1968,BC,176,5.319148936170213,71.22622420072845,9
1969,PE,118,5.076142131979696,47.75394577094293,1
1969,NS,81,5.076142131979696,32.78025091056252,2
1969,NB,69,5.076142131979696,27.92391744233104,3
1969,QC,114,5.076142131979696,46.13516794819911,4
1969,ON,297,5.076142131979696,120.19425333872924,5
1969,MB,74,5.076142131979696,29.947389720760825,6
1969,SK,61,5.076142131979696,24.686361796843386,7
1969,AB,72,5.076142131979696,29.13800080938891,8
1969,BC,192,5.076142131979696,77.70133549170376,9
1970,PE,126,4.926108374384237,50.991501416430594,1
1970,NS,92,4.926108374384237,37.23188992310805,2
1970,NB,78,4.926108374384237,31.56616754350465,3
1970,QC,124,4.926108374384237,50.18211250505868,4
1970,ON,306,4.926108374384237,123.83650343990288,5
1970,MB,73,4.926108374384237,29.54269526507487,6
1970,SK,60,4.926108374384237,24.281667341157423,7
1970,AB,72,4.926108374384237,29.13800080938891,8
1970,BC,207,4.926108374384237,83.77175232699312,9
1971,PE,132,4.784688995215311,53.419668150546336,1
1971,NS,100,4.784688995215311,40.46944556859571,2
1971,NB,80,4.784688995215311,32.375556454876566,3
1971,QC,122,4.784688995215311,49.37272359368677,4
1971,ON,325,4.784688995215311,131.52569809793604,5
1971,MB,72,4.784688995215311,29.13800080938891,6
1971,SK,59,4.784688995215311,23.876972885471467,7
1971,AB,71,4.784688995215311,28.733306353702957,8
1971,BC,222,4.784688995215311,89.84216916228247,9
1972,PE,151,4.566210045662101,61.10886280857952,1
1972,NS,117,4.566210045662101,47.34925131525698,2
1972,NB,90,4.566210045662101,36.42250101173614,3
1972,QC,136,4.566210045662101,55.038445973290166,4
1972,ON,352,4.566210045662101,142.4524484014569,5
1972,MB,77,4.566210045662101,31.161473087818692,6
1972,SK,60,4.566210045662101,24.281667341157423,7
1972,AB,84,4.566210045662101,33.9943342776204,8
1972,BC,233,4.566210045662101,94.293808174828,9
1973,PE,185,4.23728813559322,74.86847430190205,1
1973,NS,147,4.23728813559322,59.49008498583569,2
1973,NB,109,4.23728813559322,44.111695669769325,3
1973,QC,158,4.23728813559322,63.94172399838122,4
1973,ON,440,4.23728813559322,178.06556050182112,5
1973,MB,92,4.23728813559322,37.23188992310805,6
1973,SK,71,4.23728813559322,28.733306353702957,7
1973,AB,104,4.23728813559322,42.08822339133954,8
1973,BC,271,4.23728813559322,109.67219749089438,9
1974,PE,245,3.816793893129771,99.15014164305948,1
1974,NS,198,3.816793893129771,80.12950222581951,2
1974,NB,142,3.816793893129771,57.46661270740591,3
1974,QC,186,3.816793893129771,75.27316875758802,4
1974,ON,583,3.816793893129771,235.936867664913,5
1974,MB,120,3.816793893129771,48.56333468231485,6
1974,SK,90,3.816793893129771,36.42250101173614,7
1974,AB,140,3.816793893129771,56.65722379603399,8
1974,BC,378,3.816793893129771,152.97450424929178,9
1975,PE,277,3.4482758620689653,112.10036422501013,1
1975,NS,232,3.4482758620689653,93.88911371914205,2
1975,NB,185,3.4482758620689653,74.86847430190205,3
1975,QC,220,3.4482758620689653,89.03278025091056,4
1975,ON,749,3.4482758620689653,303.1161473087819,5
1975,MB,141,3.4482758620689653,57.06191825171995,6
1975,SK,117,3.4482758620689653,47.34925131525698,7
1975,AB,180,3.4482758620689653,72.84500202347228,8
1975,BC,454,3.4482758620689653,183.7312828814245,9
1976,NL,735,3.215434083601286,297.45042492917844,0
1976,PE,298,3.215434083601286,120.5989477944152,1
1976,NS,263,3.215434083601286,106.43464184540672,2
1976,NB,202,3.215434083601286,81.74828004856333,3
1976,QC,274,3.215434083601286,110.88628085795224,4
1976,ON,893,3.215434083601286,361.3921489275597,5
1976,MB,169,3.215434083601286,68.39336301092675,6
1976,SK,142,3.215434083601286,57.46661270740591,7
1976,AB,213,3.215434083601286,86.19991906110886,8
1976,BC,504,3.215434083601286,203.9660056657224,9
1977,NL,720,2.9761904761904763,291.3800080938891,0
1977,PE,327,2.9761904761904763,132.33508700930795,1
1977,NS,279,2.9761904761904763,112.90975313638202,2
1977,NB,216,2.9761904761904763,87.41400242816673,3
1977,QC,347,2.9761904761904763,140.4289761230271,4
1977,ON,995,2.9761904761904763,402.6709834075273,5
1977,MB,199,2.9761904761904763,80.53419668150546,6
1977,SK,162,2.9761904761904763,65.56050182112504,7
1977,AB,251,2.9761904761904763,101.57830837717523,8
1977,BC,571,2.9761904761904763,231.0805341966815,9
1978,NL,800,2.73224043715847,323.7555645487657,0
1978,PE,401,2.73224043715847,162.2824767300688,1
1978,NS,325,2.73224043715847,131.52569809793604,2
1978,NB,257,2.73224043715847,104.00647511129095,3
1978,QC,416,2.73224043715847,168.35289356535816,4
1978,ON,1138,2.73224043715847,460.5422905706192,5
1978,MB,247,2.73224043715847,99.9595305544314,6
1978,SK,198,2.73224043715847,80.12950222581951,7
1978,AB,299,2.73224043715847,121.00364225010117,8
1978,BC,696,2.73224043715847,281.6673411574261,9
1979,NL,911,2.5,368.6766491299069,0
1979,PE,518,2.5,209.63172804532576,1
1979,NS,383,2.5,154.99797652772156,2
1979,NB,295,2.5,119.38486442735734,3
1979,QC,493,2.5,199.51436665317684,4
1979,ON,1301,2.5,526.5074868474302,5
1979,MB,291,2.5,117.76608660461352,6
1979,SK,241,2.5,97.53136382031566,7
1979,AB,424,2.5,171.5904492108458,8
1979,BC,823,2.5,333.06353702954266,9
1980,NL,1035,2.272727272727273,418.8587616349656,0
1980,PE,584,2.272727272727273,236.34156212059892,1
1980,NS,503,2.272727272727273,203.5613112100364,2
1980,NB,339,2.272727272727273,137.19142047753945,3
1980,QC,593,2.272727272727273,239.98381222177252,4
1980,ON,1528,2.272727272727273,618.3731282881424,5
1980,MB,354,2.272727272727273,143.26183731282882,6
1980,SK,332,2.272727272727273,134.35855928773776,7
1980,AB,544,2.272727272727273,220.15378389316064,8
1980,BC,1035,2.272727272727273,418.8587616349656,9
1981,NL,1133,2.0202020202020203,458.5188182921894,0
1981,PE,685,2.0202020202020203,277.2157021448806,1
1981,NS,550,2.0202020202020203,222.5819506272764,2
1981,NB,407,2.0202020202020203,164.71064346418453,3
1981,QC,666,2.0202020202020203,269.52650748684744,4
1981,ON,1695,2.0202020202020203,685.9571023876973,5
1981,MB,410,2.0202020202020203,165.9247268312424,6
1981,SK,382,2.0202020202020203,154.5932820720356,7
1981,AB,600,2.0202020202020203,242.81667341157424,8
1981,BC,1191,2.0202020202020203,481.9910967219749,9
1982,NL,1027,1.8214936247723128,415.6212059894779,0
1982,PE,655,1.8214936247723128,265.07486847430187,1
1982,NS,552,1.8214936247723128,223.3913395386483,2
1982,NB,410,1.8214936247723128,165.9247268312424,3
1982,QC,690,1.8214936247723128,279.2391744233104,4
1982,ON,1659,1.8214936247723128,671.3881019830028,5
1982,MB,380,1.8214936247723128,153.7838931606637,6
1982,SK,413,1.8214936247723128,167.1388101983003,7
1982,AB,592,1.8214936247723128,239.5791177660866,8
1982,BC,1083,1.8214936247723128,438.2840955078916,9
1983,NL,998,1.721170395869191,403.8850667745852,0
1983,PE,695,1.721170395869191,281.2626467017401,1
1983,NS,584,1.721170395869191,236.34156212059892,2
1983,NB,435,1.721170395869191,176.04208822339135,3
1983,QC,707,1.721170395869191,286.1189801699717,4
1983,ON,1542,1.721170395869191,624.0388506677458,5
1983,MB,380,1.721170395869191,153.7838931606637,6
1983,SK,405,1.721170395869191,163.90125455281262,7
1983,AB,543,1.721170395869191,219.7490894374747,8
1983,BC,1091,1.721170395869191,441.5216511533792,9
1984,NL,938,1.6501650165016502,379.6033994334277,0
1984,PE,702,1.6501650165016502,284.0955078915419,1
1984,NS,592,1.6501650165016502,239.5791177660866,2
1984,NB,457,1.6501650165016502,184.9453662484824,3
1984,QC,690,1.6501650165016502,279.2391744233104,4
1984,ON,1509,1.6501650165016502,610.6839336301092,5
1984,MB,367,1.6501650165016502,148.52286523674624,6
1984,SK,393,1.6501650165016502,159.04492108458115,7
1984,AB,493,1.6501650165016502,199.51436665317684,8
1984,BC,1035,1.6501650165016502,418.8587616349656,9
1985,NL,911,1.5873015873015872,368.6766491299069,0
1985,PE,745,1.5873015873015872,301.49736948603805,1
1985,NS,614,1.5873015873015872,248.48239579117765,2
1985,NB,485,1.5873015873015872,196.2768110076892,3
1985,QC,659,1.5873015873015872,266.69364629704575,4
1985,ON,1402,1.5873015873015872,567.3816268717119,5
1985,MB,359,1.5873015873015872,145.2853095912586,6
1985,SK,357,1.5873015873015872,144.47592067988668,7
1985,AB,453,1.5873015873015872,183.32658842573852,8
1985,BC,961,1.5873015873015872,388.9113719142048,9
1986,NL,868,1.524390243902439,351.2747875354108,0
1986,PE,727,1.524390243902439,294.2128692836908,1
1986,NS,637,1.524390243902439,257.79036827195466,2
1986,NB,484,1.524390243902439,195.87211655200323,3
1986,QC,662,1.524390243902439,267.9077296641036,4
1986,ON,1288,1.524390243902439,521.2464589235127,5
1986,MB,344,1.524390243902439,139.21489275596923,6
1986,SK,332,1.524390243902439,134.35855928773776,7
1986,AB,407,1.524390243902439,164.71064346418453,8
1986,BC,884,1.524390243902439,357.7498988263861,9
1987,NL,914,1.45985401459854,369.8907324969648,0
1987,PE,747,1.45985401459854,302.30675839741,1
1987,NS,666,1.45985401459854,269.52650748684744,2
1987,NB,499,1.45985401459854,201.9425333872926,3
1987,QC,697,1.45985401459854,282.07203561311206,4
1987,ON,1288,1.45985401459854,521.2464589235127,5
1987,MB,325,1.45985401459854,131.52569809793604,6
1987,SK,298,1.45985401459854,120.5989477944152,7
1987,AB,386,1.45985401459854,156.21205989477943,8
1987,BC,833,1.45985401459854,337.1104815864023,9
1988,NL,964,1.4044943820224718,390.12545528126265,0
1988,PE,767,1.4044943820224718,310.4006475111291,1
1988,NS,696,1.4044943820224718,281.6673411574261,2
1988,NB,515,1.4044943820224718,208.4176446782679,3
1988,QC,727,1.4044943820224718,294.2128692836908,4
1988,ON,1489,1.4044943820224718,602.5900445163901,5
1988,MB,304,1.4044943820224718,123.02711452853096,6
1988,SK,286,1.4044943820224718,115.74261432618373,7
1988,AB,374,1.4044943820224718,151.35572642654796,8
1988,BC,873,1.4044943820224718,353.29825981384056,9
1989,NL,1016,1.3368983957219251,411.1695669769324,0
1989,PE,835,1.3368983957219251,337.9198704977742,1
1989,NS,757,1.3368983957219251,306.3537029542695,2
1989,NB,542,1.3368983957219251,219.34439498178875,3
1989,QC,781,1.3368983957219251,316.06636989073246,4
1989,ON,1908,1.3368983957219251,772.1570214488062,5
1989,MB,328,1.3368983957219251,132.73978146499394,6
1989,SK,286,1.3368983957219251,115.74261432618373,7
1989,AB,411,1.3368983957219251,166.32942128692835,8
1989,BC,962,1.3368983957219251,389.31606636989073,9
1990,NL,1071,1.2755102040816326,433.42776203966,0
1990,PE,999,1.2755102040816326,404.2897612302712,1
1990,NS,820,1.2755102040816326,331.8494536624848,2
1990,NB,595,1.2755102040816326,240.7932011331445,3
1990,QC,859,1.2755102040816326,347.6325374342371,4
1990,ON,2147,1.2755102040816326,868.8789963577499,5
1990,MB,359,1.2755102040816326,145.2853095912586,6
1990,SK,284,1.2755102040816326,114.93322541481182,7
1990,AB,432,1.2755102040816326,174.82800485633345,8
1990,BC,1083,1.2755102040816326,438.2840955078916,9
1991,NL,1136,1.207729468599034,459.73290165924726,0
1991,PE,1026,1.207729468599034,415.216511533792,1
1991,NS,816,1.207729468599034,330.23067583974097,2
1991,NB,645,1.207729468599034,261.0279239174423,3
1991,QC,918,1.207729468599034,371.5095103197086,4
1991,ON,2303,1.207729468599034,932.0113314447592,5
1991,MB,357,1.207729468599034,144.47592067988668,6
1991,SK,265,1.207729468599034,107.24403075677864,7
1991,AB,414,1.207729468599034,167.54350465398625,8
1991,BC,1190,1.207729468599034,481.5864022662889,9
1992,NL,1150,1.1904761904761905,465.3986240388506,0
1992,PE,1110,1.1904761904761905,449.2108458114124,1
1992,NS,836,1.1904761904761905,338.32456495346014,2
1992,NB,659,1.1904761904761905,266.69364629704575,3
1992,QC,943,1.1904761904761905,381.6268717118575,4
1992,ON,2184,1.1904761904761905,883.8526912181303,5
1992,MB,360,1.1904761904761905,145.69000404694455,6
1992,SK,255,1.1904761904761905,103.19708619991906,7
1992,AB,405,1.1904761904761905,163.90125455281262,8
1992,BC,1242,1.1904761904761905,502.6305139619587,9
1993,NL,1164,1.1682242990654206,471.0643464184541,0
1993,PE,1142,1.1682242990654206,462.161068393363,1
1993,NS,855,1.1682242990654206,346.0137596114933,2
1993,NB,674,1.1682242990654206,272.7640631323351,3
1993,QC,977,1.1682242990654206,395.38648320518007,4
1993,ON,2144,1.1682242990654206,867.664912990692,5
1993,MB,373,1.1682242990654206,150.951031970862,6
1993,SK,253,1.1682242990654206,102.38769728854714,7
1993,AB,413,1.1682242990654206,167.1388101983003,8
1993,BC,1399,1.1682242990654206,566.167543504654,9
1994,NL,1203,1.166861143523921,486.8474301902064,0
1994,PE,1307,1.166861143523921,528.9356535815459,1
1994,NS,875,1.166861143523921,354.10764872521247,2
1994,NB,690,1.166861143523921,279.2391744233104,3
1994,QC,1031,1.166861143523921,417.23998381222174,4
1994,ON,2134,1.166861143523921,863.6179684338324,5
1994,MB,388,1.166861143523921,157.02144880615134,6
1994,SK,271,1.166861143523921,109.67219749089438,7
1994,AB,450,1.166861143523921,182.11250505868068,8
1994,BC,1589,1.166861143523921,643.0594900849858,9
1995,NL,1243,1.1415525114155252,503.03520841764464,0
1995,PE,1545,1.1415525114155252,625.2529340348037,1
1995,NS,896,1.1415525114155252,362.6062322946176,2
1995,NB,754,1.1415525114155252,305.13961958721166,3
1995,QC,1114,1.1415525114155252,450.8296236341562,4
1995,ON,2188,1.1415525114155252,885.4714690408741,5
1995,MB,413,1.1415525114155252,167.1388101983003,6
1995,SK,299,1.1415525114155252,121.00364225010117,7
1995,AB,515,1.1415525114155252,208.4176446782679,8
1995,BC,1767,1.1415525114155252,715.0951031970861,9
1996,NL,1286,1.124859392575928,520.4370700121408,0
1996,PE,1636,1.124859392575928,662.0801295022258,1
1996,NS,939,1.124859392575928,380.0080938891137,2
1996,NB,815,1.124859392575928,329.825981384055,3
1996,QC,1220,1.124859392575928,493.72723593686766,4
1996,ON,2384,1.124859392575928,964.7915823553216,5
1996,MB,443,1.124859392575928,179.279643868879,6
1996,SK,314,1.124859392575928,127.07405908539052,7
1996,AB,553,1.124859392575928,223.79603399433427,8
1996,BC,1890,1.124859392575928,764.8725212464589,9
1997,NL,1318,1.106194690265487,533.3872925940915,0
1997,PE,1718,1.106194690265487,695.2650748684742,1
1997,NS,976,1.106194690265487,394.9817887494941,2
1997,NB,909,1.106194690265487,367.86726021853497,3
1997,QC,1428,1.106194690265487,577.9036827195467,4
1997,ON,2671,1.106194690265487,1080.9388911371914,5
1997,MB,483,1.106194690265487,195.46742209631728,6
1997,SK,329,1.106194690265487,133.1444759206799,7
1997,AB,611,1.106194690265487,247.26831242411976,8
1997,BC,2010,1.106194690265487,813.4358559287738,9
1998,NL,1359,1.095290251916758,549.9797652772157,0
1998,PE,1771,1.095290251916758,716.71388101983,1
1998,NS,1034,1.095290251916758,418.4540671792796,2
1998,NB,978,1.095290251916758,395.791177660866,3
1998,QC,1572,1.095290251916758,636.1796843383246,4
1998,ON,2813,1.095290251916758,1138.4055038445972,5
1998,MB,501,1.095290251916758,202.7519222986645,6
1998,SK,333,1.095290251916758,134.76325374342372,7
1998,AB,658,1.095290251916758,266.2889518413598,8
1998,BC,2016,1.095290251916758,815.8640226628895,9
1999,NL,1397,1.0764262648008611,565.358154593282,0
1999,PE,1825,1.0764262648008611,738.5673816268717,1
1999,NS,1082,1.0764262648008611,437.8794010522056,2
1999,NB,1045,1.0764262648008611,422.9057061918252,3
1999,QC,1696,1.0764262648008611,686.3617968433832,4
1999,ON,2900,1.0764262648008611,1173.6139214892755,5
1999,MB,510,1.0764262648008611,206.3941723998381,6
1999,SK,334,1.0764262648008611,135.16794819910967,7
1999,AB,690,1.0764262648008611,279.2391744233104,8
1999,BC,2012,1.0764262648008611,814.2452448401457,9
2000,NL,1426,1.0482180293501049,577.0942938081748,0
2000,PE,1849,1.0482180293501049,748.2800485633346,1
2000,NS,1120,1.0482180293501049,453.2577903682719,2
2000,NB,1082,1.0482180293501049,437.8794010522056,3
2000,QC,1789,1.0482180293501049,723.9983812221773,4
2000,ON,2964,1.0482180293501049,1199.514366653177,5
2000,MB,518,1.0482180293501049,209.63172804532576,6
2000,SK,336,1.0482180293501049,135.9773371104816,7
2000,AB,721,1.0482180293501049,291.78470254957506,8
2000,BC,2029,1.0482180293501049,821.1250505868069,9
2001,NL,1455,1.0224948875255624,588.8304330230676,0
2001,PE,1859,1.0224948875255624,752.3269931201942,1
2001,NS,1154,1.0224948875255624,467.01740186159446,2
2001,NB,1111,1.0224948875255624,449.6155402670983,3
2001,QC,1856,1.0224948875255624,751.1129097531364,4
2001,ON,3028,1.0224948875255624,1225.414811817078,5
2001,MB,525,1.0224948875255624,212.46458923512748,6
2001,SK,337,1.0224948875255624,136.38203156616754,7
2001,AB,747,1.0224948875255624,302.30675839741,8
2001,BC,2044,1.0224948875255624,827.1954674220963,9
2002,NL,1539,1.0,622.824767300688,0
2002,PE,1903,1.0,770.1335491703763,1
2002,NS,1206,1.0,488.0615135572642,2
2002,NB,1156,1.0,467.8267907729664,3
2002,QC,2017,1.0,816.2687171185754,4
2002,ON,3248,1.0,1314.4475920679886,5
2002,MB,547,1.0,221.36786726021853,6
2002,SK,345,1.0,139.6195872116552,7
2002,AB,806,1.0,326.1837312828814,8
2002,BC,2158,1.0,873.3306353702953,9
2003,NL,1627,0.9727626459143968,658.4378794010522,0
2003,PE,1953,0.9727626459143968,790.3682719546742,1
2003,NS,1250,0.9727626459143968,505.8680696074464,2
2003,NB,1206,0.9727626459143968,488.0615135572642,3
2003,QC,2126,0.9727626459143968,860.3804127883448,4
2003,ON,3466,0.9727626459143968,1402.6709834075273,5
2003,MB,581,0.9727626459143968,235.12747875354103,6
2003,SK,360,0.9727626459143968,145.69000404694455,7
2003,AB,863,0.9727626459143968,349.25131525698094,8
2003,BC,2297,0.9727626459143968,929.5831647106436,9
2004,NL,1720,0.9551098376313276,696.0744637798462,0
2004,PE,2019,0.9551098376313276,817.0781060299473,1
2004,NS,1300,0.9551098376313276,526.1027923917442,2
2004,NB,1282,0.9551098376313276,518.818292189397,3
2004,QC,2211,0.9551098376313276,894.7794415216512,4
2004,ON,3712,0.9551098376313276,1502.2258195062727,5
2004,MB,605,0.9551098376313276,244.84014569000405,6
2004,SK,371,0.9551098376313276,150.1416430594901,7
2004,AB,931,0.9551098376313276,376.7705382436261,8
2004,BC,2496,0.9551098376313276,1010.1173613921488,9
2005,NL,1854,0.9345794392523364,750.3035208417645,0
2005,PE,2066,0.9345794392523364,836.0987454471873,1
2005,NS,1345,0.9345794392523364,544.3140428976122,2
2005,NB,1322,0.9345794392523364,535.0060704168353,3
2005,QC,2302,0.9345794392523364,931.6066369890732,4
2005,ON,3938,0.9345794392523364,1593.686766491299,5
2005,MB,636,0.9345794392523364,257.3856738162687,6
2005,SK,381,0.9345794392523364,154.18858761634965,7
2005,AB,1012,0.9345794392523364,409.5507891541886,8
2005,BC,2774,0.9345794392523364,1122.622420072845,9
2006,NL,2019,0.9165902841429882,817.0781060299473,0
2006,PE,2115,0.9165902841429882,855.9287737757992,1
2006,NS,1402,0.9165902841429882,567.3816268717119,2
2006,NB,1373,0.9165902841429882,555.6454876568191,3
2006,QC,2379,0.9165902841429882,962.768110076892,4
2006,ON,4201,0.9165902841429882,1700.1214083367058,5
2006,MB,664,0.9165902841429882,268.7171185754755,6
2006,SK,391,0.9165902841429882,158.2355321732092,7
2006,AB,1095,0.9165902841429882,443.140428976123,8
2006,BC,3191,0.9165902841429882,1291.380008093889,9
2007,NL,2216,0.8968609865470852,896.8029138000809,0
2007,PE,2140,0.8968609865470852,866.0461351679481,1
2007,NS,1409,0.8968609865470852,570.2144880615135,2
2007,NB,1433,0.8968609865470852,579.9271549979765,3
2007,QC,2436,0.8968609865470852,985.8356940509916,4
2007,ON,4443,0.8968609865470852,1798.0574666127072,5
2007,MB,706,0.8968609865470852,285.7142857142857,6
2007,SK,411,0.8968609865470852,166.32942128692835,7
2007,AB,1203,0.8968609865470852,486.8474301902064,8
2007,BC,3653,0.8968609865470852,1478.3488466208012,9
2008,NL,2317,0.8764241893076249,937.6770538243626,0
2008,PE,2099,0.8764241893076249,849.4536624848239,1
2008,NS,1503,0.8764241893076249,608.2557668959935,2
2008,NB,1410,0.8764241893076249,570.6191825171995,3
2008,QC,2635,0.8764241893076249,1066.369890732497,4
2008,ON,4750,0.8764241893076249,1922.2986645082965,5
2008,MB,804,0.8764241893076249,325.3743423715095,6
2008,SK,463,0.8764241893076249,187.3735329825981,7
2008,AB,1381,0.8764241893076249,558.8830433023068,8
2008,BC,4355,0.8764241893076249,1762.4443545123431,9
2009,NL,2557,0.8741258741258741,1034.8037231889923,0
2009,PE,2100,0.8741258741258741,849.8583569405099,1
2009,NS,1606,0.8741258741258741,649.9392958316471,2
2009,NB,1568,0.8741258741258741,634.5609065155808,3
2009,QC,2875,0.8741258741258741,1163.4965600971266,4
2009,ON,5036,0.8741258741258741,2038.04127883448,5
2009,MB,890,0.8741258741258741,360.1780655605018,6
2009,SK,517,0.8741258741258741,209.2270335896398,7
2009,AB,1426,0.8741258741258741,577.0942938081748,8
2009,BC,4602,0.8741258741258741,1862.4038850667744,9
2010,NL,2688,0.8583690987124464,1087.818696883853,0
2010,PE,2125,0.8583690987124464,859.9757183326589,1
2010,NS,1663,0.8583690987124464,673.0068798057466,2
2010,NB,1621,0.8583690987124464,656.0097126669365,3
2010,QC,2979,0.8583690987124464,1205.5847834884662,4
2010,ON,5461,0.8583690987124464,2210.036422501012,5
2010,MB,981,0.8583690987124464,397.0052610279239,6
2010,SK,551,0.8583690987124464,222.98664508296235,7
2010,AB,1514,0.8583690987124464,612.707405908539,8
2010,BC,4765,0.8583690987124464,1928.369081343585,9
2011,NL,2811,0.8340283569641367,1137.5961149332254,0
2011,PE,2205,0.8340283569641367,892.3512747875354,1
2011,NS,1709,0.8340283569641367,691.6228247673007,2
2011,NB,1673,0.8340283569641367,677.0538243626062,3
2011,QC,3128,0.8340283569641367,1265.8842573856737,4
2011,ON,5985,0.8340283569641367,2422.096317280453,5
2011,MB,1035,0.8340283569641367,418.8587616349656,6
2011,SK,624,0.8340283569641367,252.5293403480372,7
2011,AB,1592,0.8340283569641367,644.2735734520437,8
2011,BC,4988,0.8340283569641367,2018.6159449615536,9
2012,NL,2859,0.8216926869350862,1157.0214488061513,0
2012,PE,2309,0.8216926869350862,934.4394981788748,1
2012,NS,1786,0.8216926869350862,722.7842978551193,2
2012,NB,1734,0.8216926869350862,701.7401861594495,3
2012,QC,3375,0.8216926869350862,1365.8437879401051,4
2012,ON,7013,0.8216926869350862,2838.122217725617,5
2012,MB,1140,0.8216926869350862,461.3516794819911,6
2012,SK,720,0.8216926869350862,291.3800080938891,7
2012,AB,1706,0.8216926869350862,690.4087414002428,8
2012,BC,4898,0.8216926869350862,1982.1934439498175,9
2013,NL,2908,0.8143322475570033,1176.8514771347632,0
2013,PE,2478,0.8143322475570033,1002.8328611898016,1
2013,NS,1891,0.8143322475570033,765.2772157021449,2
2013,NB,1829,0.8143322475570033,740.1861594496155,3
2013,QC,4175,0.8143322475570033,1689.5993524888709,4
2013,ON,8087,0.8143322475570033,3272.764063132335,5
2013,MB,1395,0.8143322475570033,564.5487656819101,6
2013,SK,872,0.8143322475570033,352.8935653581546,7
2013,AB,1893,0.8143322475570033,766.0866046135168,8
2013,BC,4886,0.8143322475570033,1977.3371104815865,9
2014,NL,3011,0.7987220447284344,1218.5350060704168,0
2014,PE,2620,0.7987220447284344,1060.2994738972077,1
2014,NS,1939,0.7987220447284344,784.7025495750707,2
2014,NB,1981,0.7987220447284344,801.699716713881,3
2014,QC,4624,0.7987220447284344,1871.3071630918653,4
2014,ON,8705,0.7987220447284344,3522.8652367462564,5
2014,MB,1596,0.7987220447284344,645.8923512747875,6
2014,SK,1026,0.7987220447284344,415.216511533792,7
2014,AB,2025,0.7987220447284344,819.506272764063,8
2014,BC,4951,0.7987220447284344,2003.6422501011732,9
2015,NL,3178,0.7898894154818326,1286.1189801699716,0
2015,PE,2809,0.7898894154818326,1136.7867260218534,1
2015,NS,2012,0.7898894154818326,814.2452448401457,2
2015,NB,2081,0.7898894154818326,842.1691622824767,3
2015,QC,5032,0.7898894154818326,2036.422501011736,4
2015,ON,9289,0.7898894154818326,3759.206798866856,5
2015,MB,1767,0.7898894154818326,715.0951031970861,6
2015,SK,1134,0.7898894154818326,458.92351274787535,7
2015,AB,2185,0.7898894154818326,884.2573856738162,8
2015,BC,5083,0.7898894154818326,2057.06191825172,9
2016,NL,3416,0.778816199376947,1382.4362606232294,0
2016,PE,3054,0.778816199376947,1235.936867664913,1
2016,NS,2096,0.778816199376947,848.2395791177661,2
2016,NB,2157,0.778816199376947,872.9259409146094,3
2016,QC,5320,0.778816199376947,2152.974504249292,4
2016,ON,9580,0.778816199376947,3876.972885471469,5
2016,MB,1919,0.778816199376947,776.6086604613516,6
2016,SK,1210,0.778816199376947,489.6802913800081,7
2016,AB,2354,0.778816199376947,952.650748684743,8
2016,BC,5321,0.778816199376947,2153.3791987049776,9
2017,NL,3803,0.7668711656441718,1539.0530149736949,0
2017,PE,3323,0.7668711656441718,1344.7996762444354,1
2017,NS,2354,0.7668711656441718,952.650748684743,2
2017,NB,2314,0.7668711656441718,936.4629704573048,3
2017,QC,5740,0.7668711656441718,2322.946175637393,4
2017,ON,10409,0.7668711656441718,4212.464589235127,5
2017,MB,2095,0.7668711656441718,847.8348846620801,6
2017,SK,1341,0.7668711656441718,542.6952650748684,7
2017,AB,2564,0.7668711656441718,1037.636584378794,8
2017,BC,5825,0.7668711656441718,2357.3452043707,9
2018,NL,4802,0.7496251874062968,1943.342776203966,0
2018,PE,3518,0.7496251874062968,1423.715095103197,1
2018,NS,2555,0.7496251874062968,1033.9943342776205,2
2018,NB,2518,0.7496251874062968,1019.02063941724,3
2018,QC,6122,0.7496251874062968,2477.5394577094294,4
2018,ON,11087,0.7496251874062968,4486.847430190206,5
2018,MB,2232,0.7496251874062968,903.2780250910562,6
2018,SK,1460,0.7496251874062968,590.8539053014973,7
2018,AB,2742,0.7496251874062968,1109.6721974908944,8
2018,BC,6301,0.7496251874062968,2549.9797652772154,9
2019,NL,5847,0.7352941176470589,2366.248482395791,0
2019,PE,4063,0.7352941176470589,1644.2735734520436,1
2019,NS,2713,0.7352941176470589,1097.9360582760016,2
2019,NB,2885,0.7352941176470589,1167.5435046539862,3
2019,QC,6656,0.7352941176470589,2693.6462970457305,4
2019,ON,11786,0.7352941176470589,4769.72885471469,5
2019,MB,2382,0.7352941176470589,963.9821934439498,6
2019,SK,1585,0.7352941176470589,641.440712262242,7
2019,AB,2897,0.7352941176470589,1172.3998381222175,8
2019,BC,6855,0.7352941176470589,2774.180493727236,9
2020,NL,6623,0.7299270072992701,2680.2913800080937,0
2020,PE,4421,0.7299270072992701,1789.1541885876163,1
2020,NS,2909,0.7299270072992701,1177.2561715904492,2
2020,NB,3353,0.7299270072992701,1356.9405099150142,3
2020,QC,7066,0.7299270072992701,2859.571023876973,4
2020,ON,12341,0.7299270072992701,4994.334277620396,5
2020,MB,2532,0.7299270072992701,1024.6863617968434,6
2020,SK,1710,0.7299270072992701,692.0275192229866,7
2020,AB,3091,0.7299270072992701,1250.9105625252937,8
2020,BC,7449,0.7299270072992701,3014.569000404694,9
2021,NL,7497,0.7062146892655368,3033.9943342776205,0
2021,PE,4664,0.7062146892655368,1887.494941319304,1
2021,NS,3313,0.7062146892655368,1340.7527316875758,2
2021,NB,3432,0.7062146892655368,1388.911371914205,3
2021,QC,8072,0.7062146892655368,3266.6936462970457,4
2021,ON,14435,0.7062146892655368,5841.764467826791,5
2021,MB,2761,0.7062146892655368,1117.3613921489275,6
2021,SK,1798,0.7062146892655368,727.6406313233508,7
2021,AB,3279,0.7062146892655368,1326.9931201942534,8
2021,BC,8812,0.7062146892655368,3566.167543504654,9
2022,NL,8132,0.6613756613756614,3290.9753136382037,0
2022,PE,5898,0.6613756613756614,2386.887899635775,1
2022,NS,3658,0.6613756613756614,1480.372318899231,2
2022,NB,3743,0.6613756613756614,1514.7713476325373,3
2022,QC,9089,0.6613756613756614,3678.267907729664,4
2022,ON,17962,0.6613756613756614,7269.121813031161,5
2022,MB,3121,0.6613756613756614,1263.051396195872,6
2022,SK,2050,0.6613756613756614,829.623634156212,7
2022,AB,3495,0.6613756613756614,1414.40712262242,8
2022,BC,9986,0.6613756613756614,4041.278834479968,9
